AGY,AGYT,AGYSUB,AGYSUBT,SEP,SEPT,EFDATE,AGELVLT,EDLVL,EDLVLT,LOS,OCC,OCCT,OCCFAM,OCCFAMT,PAYPLAN,PAYPLANT,STEMAGGT,STEMTYPT,SUPERVIS,SUPERVIST,TOA,TOAT,WORKSCH,WORKSCHT,COUNT,LOC,STATE,STATET,COUNTRY,COUNTRYT,SALARY,GRD
HF,FEDERAL HOUSING FINANCE AGENCY,HFHA,FEDERAL HOUSING FINANCE AGENCY,SD,Retirement - Voluntary,202403,60-64,21,DOCTORATE DEGREE,33.5,0110,ECONOMIST,01,"SOCIAL SCIENCE, PSYCHOLOGY, AND WELFARE GROUP",LL,EXECUTIVES AT THE FEDERAL HOUSING FINANCE AGENCY,STEM OCCUPATIONS,SCIENCE OCCUPATIONS,2,SUPERVISOR OR MANAGER,10,CAREER (COMPETITIVE SERVICE PERMANENT),F,FULL-TIME,1,11,DC,DISTRICT OF COLUMBIA,US,UNITED STATES,,01
HF,FEDERAL HOUSING FINANCE AGENCY,HFHA,FEDERAL HOUSING FINANCE AGENCY,SD,Retirement - Voluntary,202403,65 OR MORE,17,MASTER'S DEGREE,20.3,0110,ECONOMIST,01,"SOCIAL SCIENCE, PSYCHOLOGY, AND WELFARE GROUP",LL,EXECUTIVES AT THE FEDERAL HOUSING FINANCE AGENCY,STEM OCCUPATIONS,SCIENCE OCCUPATIONS,2,SUPERVISOR OR MANAGER,10,CAREER (COMPETITIVE SERVICE PERMANENT),F,FULL-TIME,1,11,DC,DISTRICT OF COLUMBIA,US,UNITED STATES,,01
HE,DEPARTMENT OF HEALTH AND HUMAN SERVICES,HE38,NATIONAL INSTITUTES OF HEALTH,SJ,Termination (Expired Appt/Other),202403,45-49,21,DOCTORATE DEGREE,0.0,0110,ECONOMIST,01,"SOCIAL SCIENCE, PSYCHOLOGY, AND WELFARE GROUP",EI,ADVISORY COMMITTEE MEMBER (OTHER),STEM OCCUPATIONS,SCIENCE OCCUPATIONS,8,ALL OTHER POSITIONS,48,OTHER (EXCEPTED SERVICE NONPERMANENT),I,INTERMITTENT,1,24,MD,MARYLAND,US,UNITED STATES,52175,00
HE,DEPARTMENT OF HEALTH AND HUMAN SERVICES,HE70,CENTERS FOR MEDICARE & MEDICAID SERVICES,SA,Transfer Out - Individual Transfer,202401,25-29,13,BACHELOR'S DEGREE,4.3,0110,ECONOMIST,01,"SOCIAL SCIENCE, PSYCHOLOGY, AND WELFARE GROUP",GS,GENERAL SCHEDULE,STEM OCCUPATIONS,SCIENCE OCCUPATIONS,8,ALL OTHER POSITIONS,10,CAREER (COMPETITIVE SERVICE PERMANENT),F,FULL-TIME,1,37,NC,NORTH CAROLINA,US,UNITED STATES,109088,13
FD,FEDERAL DEPOSIT INSURANCE CORPORATION,FD00,FEDERAL DEPOSIT INSURANCE CORPORATION,SD,Retirement - Voluntary,202403,65 OR MORE,17,MASTER'S DEGREE,31.8,0110,ECONOMIST,01,"SOCIAL SCIENCE, PSYCHOLOGY, AND WELFARE GROUP",CG,CORPORATE GRADED,STEM OCCUPATIONS,SCIENCE OCCUPATIONS,8,ALL OTHER POSITIONS,10,CAREER (COMPETITIVE SERVICE PERMANENT),F,FULL-TIME,1,11,DC,DISTRICT OF COLUMBIA,US,UNITED STATES,250360,14
EE,EQUAL EMPLOYMENT OPPORTUNITY COMMISSION,EE00,EQUAL EMPLOYMENT OPPORTUNITY COMMISSION,SA,Transfer Out - Individual Transfer,202401,40-44,21,DOCTORATE DEGREE,5.6,0110,ECONOMIST,01,"SOCIAL SCIENCE, PSYCHOLOGY, AND WELFARE GROUP",GS,GENERAL SCHEDULE,STEM OCCUPATIONS,SCIENCE OCCUPATIONS,8,ALL OTHER POSITIONS,10,CAREER (COMPETITIVE SERVICE PERMANENT),F,FULL-TIME,1,11,DC,DISTRICT OF COLUMBIA,US,UNITED STATES,144042,14
FC,FEDERAL COMMUNICATIONS COMMISSION,FC00,FEDERAL COMMUNICATIONS COMMISSION,SL,Other Separation,202402,45-49,13,BACHELOR'S DEGREE,17.6,0110,ECONOMIST,01,"SOCIAL SCIENCE, PSYCHOLOGY, AND WELFARE GROUP",GS,GENERAL SCHEDULE,STEM OCCUPATIONS,SCIENCE OCCUPATIONS,8,ALL OTHER POSITIONS,10,CAREER (COMPETITIVE SERVICE PERMANENT),F,FULL-TIME,1,11,DC,DISTRICT OF COLUMBIA,US,UNITED STATES,162629,14
EP,ENVIRONMENTAL PROTECTION AGENCY,EP00,ENVIRONMENTAL PROTECTION AGENCY,SC,Quit,202403,30-34,21,DOCTORATE DEGREE,1.5,0110,ECONOMIST,01,"SOCIAL SCIENCE, PSYCHOLOGY, AND WELFARE GROUP",GS,GENERAL SCHEDULE,STEM OCCUPATIONS,SCIENCE OCCUPATIONS,8,ALL OTHER POSITIONS,15,CAREER-CONDITIONAL (COMPETITIVE SERVICE PERMANENT),F,FULL-TIME,1,37,NC,NORTH CAROLINA,US,UNITED STATES,122295,13
EP,ENVIRONMENTAL PROTECTION AGENCY,EP00,ENVIRONMENTAL PROTECTION AGENCY,SJ,Termination (Expired Appt/Other),202403,35-39,21,DOCTORATE DEGREE,3.9,0110,ECONOMIST,01,"SOCIAL SCIENCE, PSYCHOLOGY, AND WELFARE GROUP",GS,GENERAL SCHEDULE,STEM OCCUPATIONS,SCIENCE OCCUPATIONS,8,ALL OTHER POSITIONS,40,SCHEDULE A (EXCEPTED SERVICE NONPERMANENT),F,FULL-TIME,1,53,WA,WASHINGTON,US,UNITED STATES,95657,12
CM,DEPARTMENT OF COMMERCE,CM63,U.S. CENSUS BUREAU,SD,Retirement - Voluntary,202401,60-64,17,MASTER'S DEGREE,41.4,0110,ECONOMIST,01,"SOCIAL SCIENCE, PSYCHOLOGY, AND WELFARE GROUP",GS,GENERAL SCHEDULE,STEM OCCUPATIONS,SCIENCE OCCUPATIONS,8,ALL OTHER POSITIONS,10,CAREER (COMPETITIVE SERVICE PERMANENT),F,FULL-TIME,1,24,MD,MARYLAND,US,UNITED STATES,145617,13
CM,DEPARTMENT OF COMMERCE,CM55,INTERNATIONAL TRADE ADMINISTRATION,SA,Transfer Out - Individual Transfer,202312,40-44,21,DOCTORATE DEGREE,8.0,0110,ECONOMIST,01,"SOCIAL SCIENCE, PSYCHOLOGY, AND WELFARE GROUP",GS,GENERAL SCHEDULE,STEM OCCUPATIONS,SCIENCE OCCUPATIONS,8,ALL OTHER POSITIONS,10,CAREER (COMPETITIVE SERVICE PERMANENT),F,FULL-TIME,1,11,DC,DISTRICT OF COLUMBIA,US,UNITED STATES,163252,14
CM,DEPARTMENT OF COMMERCE,CM53,BUREAU OF ECONOMIC ANALYSIS,SD,Retirement - Voluntary,202312,65 OR MORE,21,DOCTORATE DEGREE,20.3,0110,ECONOMIST,01,"SOCIAL SCIENCE, PSYCHOLOGY, AND WELFARE GROUP",ZP,SCIENTIFIC AND ENGINEERING PROFESSIONAL,STEM OCCUPATIONS,SCIENCE OCCUPATIONS,8,ALL OTHER POSITIONS,10,CAREER (COMPETITIVE SERVICE PERMANENT),F,FULL-TIME,1,35,NM,NEW MEXICO,US,UNITED STATES,179705,05
CM,DEPARTMENT OF COMMERCE,CM55,INTERNATIONAL TRADE ADMINISTRATION,SA,Transfer Out - Individual Transfer,202310,40-44,13,BACHELOR'S DEGREE,17.6,0110,ECONOMIST,01,"SOCIAL SCIENCE, PSYCHOLOGY, AND WELFARE GROUP",GS,GENERAL SCHEDULE,STEM OCCUPATIONS,SCIENCE OCCUPATIONS,8,ALL OTHER POSITIONS,10,CAREER (COMPETITIVE SERVICE PERMANENT),F,FULL-TIME,1,11,DC,DISTRICT OF COLUMBIA,US,UNITED STATES,176458,15
CM,DEPARTMENT OF COMMERCE,CM63,U.S. CENSUS BUREAU,SA,Transfer Out - Individual Transfer,202401,40-44,21,DOCTORATE DEGREE,11.5,0110,ECONOMIST,01,"SOCIAL SCIENCE, PSYCHOLOGY, AND WELFARE GROUP",GS,GENERAL SCHEDULE,STEM OCCUPATIONS,SCIENCE OCCUPATIONS,4,SUPERVISOR (CSRA),10,CAREER (COMPETITIVE SERVICE PERMANENT),F,FULL-TIME,1,24,MD,MARYLAND,US,UNITED STATES,154428,14
CM,DEPARTMENT OF COMMERCE,CM53,BUREAU OF ECONOMIC ANALYSIS,SL,Other Separation,202312,60-64,14,POST-BACHELOR'S,30.1,0110,ECONOMIST,01,"SOCIAL SCIENCE, PSYCHOLOGY, AND WELFARE GROUP",ZP,SCIENTIFIC AND ENGINEERING PROFESSIONAL,STEM OCCUPATIONS,SCIENCE OCCUPATIONS,8,ALL OTHER POSITIONS,10,CAREER (COMPETITIVE SERVICE PERMANENT),F,FULL-TIME,1,24,MD,MARYLAND,US,UNITED STATES,172075,04
CM,DEPARTMENT OF COMMERCE,CM53,BUREAU OF ECONOMIC ANALYSIS,SC,Quit,202402,50-54,04,HIGH SCHOOL GRADUATE OR CERTIFICATE OF EQUIVALENCY,10.4,0110,ECONOMIST,01,"SOCIAL SCIENCE, PSYCHOLOGY, AND WELFARE GROUP",ZP,SCIENTIFIC AND ENGINEERING PROFESSIONAL,STEM OCCUPATIONS,SCIENCE OCCUPATIONS,8,ALL OTHER POSITIONS,10,CAREER (COMPETITIVE SERVICE PERMANENT),F,FULL-TIME,1,24,MD,MARYLAND,US,UNITED STATES,113931,03
CE,COUNCIL OF ECONOMIC ADVISERS,CE00,COUNCIL OF ECONOMIC ADVISERS,SC,Quit,202403,40-44,17,MASTER'S DEGREE,4.8,0110,ECONOMIST,01,"SOCIAL SCIENCE, PSYCHOLOGY, AND WELFARE GROUP",AD,"ADMINISTRATIVELY DETERMINED RATES, NOT ELSEWHERE SPECIFIED",STEM OCCUPATIONS,SCIENCE OCCUPATIONS,8,ALL OTHER POSITIONS,48,OTHER (EXCEPTED SERVICE NONPERMANENT),F,FULL-TIME,1,11,DC,DISTRICT OF COLUMBIA,US,UNITED STATES,154806,00
CM,DEPARTMENT OF COMMERCE,CM63,U.S. CENSUS BUREAU,SA,Transfer Out - Individual Transfer,202401,50-54,21,DOCTORATE DEGREE,21.4,0110,ECONOMIST,01,"SOCIAL SCIENCE, PSYCHOLOGY, AND WELFARE GROUP",GS,GENERAL SCHEDULE,STEM OCCUPATIONS,SCIENCE OCCUPATIONS,4,SUPERVISOR (CSRA),10,CAREER (COMPETITIVE SERVICE PERMANENT),F,FULL-TIME,1,24,MD,MARYLAND,US,UNITED STATES,191900,15
CE,COUNCIL OF ECONOMIC ADVISERS,CE00,COUNCIL OF ECONOMIC ADVISERS,SC,Quit,202403,35-39,21,DOCTORATE DEGREE,1.1,0110,ECONOMIST,01,"SOCIAL SCIENCE, PSYCHOLOGY, AND WELFARE GROUP",AD,"ADMINISTRATIVELY DETERMINED RATES, NOT ELSEWHERE SPECIFIED",STEM OCCUPATIONS,SCIENCE OCCUPATIONS,8,ALL OTHER POSITIONS,48,OTHER (EXCEPTED SERVICE NONPERMANENT),F,FULL-TIME,1,11,DC,DISTRICT OF COLUMBIA,US,UNITED STATES,168496,00
CM,DEPARTMENT OF COMMERCE,CM54,NATIONAL OCEANIC AND ATMOSPHERIC ADMINISTRATION,SD,Retirement - Voluntary,202402,65 OR MORE,18,POST-MASTER'S,44.8,0110,ECONOMIST,01,"SOCIAL SCIENCE, PSYCHOLOGY, AND WELFARE GROUP",ZP,SCIENTIFIC AND ENGINEERING PROFESSIONAL,STEM OCCUPATIONS,SCIENCE OCCUPATIONS,2,SUPERVISOR OR MANAGER,10,CAREER (COMPETITIVE SERVICE PERMANENT),F,FULL-TIME,1,06,CA,CALIFORNIA,US,UNITED STATES,191900,05
MC,FEDERAL MARITIME COMMISSION,MC00,FEDERAL MARITIME COMMISSION,SA,Transfer Out - Individual Transfer,202402,50-54,21,DOCTORATE DEGREE,11.3,0110,ECONOMIST,01,"SOCIAL SCIENCE, PSYCHOLOGY, AND WELFARE GROUP",ES,SENIOR EXECUTIVE SERVICE,STEM OCCUPATIONS,SCIENCE OCCUPATIONS,2,SUPERVISOR OR MANAGER,50,CAREER (SENIOR EXECUTIVE SERVICE PERMANENT),F,FULL-TIME,1,11,DC,DISTRICT OF COLUMBIA,US,UNITED STATES,221400,00
MC,FEDERAL MARITIME COMMISSION,MC00,FEDERAL MARITIME COMMISSION,SC,Quit,202402,45-49,17,MASTER'S DEGREE,0.9,0110,ECONOMIST,01,"SOCIAL SCIENCE, PSYCHOLOGY, AND WELFARE GROUP",GS,GENERAL SCHEDULE,STEM OCCUPATIONS,SCIENCE OCCUPATIONS,8,ALL OTHER POSITIONS,15,CAREER-CONDITIONAL (COMPETITIVE SERVICE PERMANENT),F,FULL-TIME,1,11,DC,DISTRICT OF COLUMBIA,US,UNITED STATES,85522,11
MI,MILLENNIUM CHALLENGE CORPORATION,MI00,MILLENNIUM CHALLENGE CORPORATION,SC,Quit,202403,65 OR MORE,21,DOCTORATE DEGREE,7.4,0110,ECONOMIST,01,"SOCIAL SCIENCE, PSYCHOLOGY, AND WELFARE GROUP",MC,EMPLOYEES OF THE MILLENNIUM CHALLENGE CORPORATION APPOINTED UNDER PUBLIC LAW 108-199 ONLY.,STEM OCCUPATIONS,SCIENCE OCCUPATIONS,5,MANAGEMENT OFFICIAL (CSRA),10,CAREER (COMPETITIVE SERVICE PERMANENT),F,FULL-TIME,1,11,DC,DISTRICT OF COLUMBIA,US,UNITED STATES,219600,2B
IN,DEPARTMENT OF INTERIOR,IN07,BUREAU OF RECLAMATION,SC,Quit,202401,30-34,17,MASTER'S DEGREE,0.0,0110,ECONOMIST,01,"SOCIAL SCIENCE, PSYCHOLOGY, AND WELFARE GROUP",GS,GENERAL SCHEDULE,STEM OCCUPATIONS,SCIENCE OCCUPATIONS,8,ALL OTHER POSITIONS,15,CAREER-CONDITIONAL (COMPETITIVE SERVICE PERMANENT),F,FULL-TIME,1,06,CA,CALIFORNIA,US,UNITED STATES,124988,12
IN,DEPARTMENT OF INTERIOR,IN05,BUREAU OF LAND MANAGEMENT,SA,Transfer Out - Individual Transfer,202312,25-29,17,MASTER'S DEGREE,2.3,0110,ECONOMIST,01,"SOCIAL SCIENCE, PSYCHOLOGY, AND WELFARE GROUP",GS,GENERAL SCHEDULE,STEM OCCUPATIONS,SCIENCE OCCUPATIONS,8,ALL OTHER POSITIONS,15,CAREER-CONDITIONAL (COMPETITIVE SERVICE PERMANENT),F,FULL-TIME,1,56,WY,WYOMING,US,UNITED STATES,88352,12
TR,DEPARTMENT OF TREASURY,TR91,DEPARTMENTAL OFFICES,SC,Quit,202310,25-29,17,MASTER'S DEGREE,4.2,0110,ECONOMIST,01,"SOCIAL SCIENCE, PSYCHOLOGY, AND WELFARE GROUP",GS,GENERAL SCHEDULE,STEM OCCUPATIONS,SCIENCE OCCUPATIONS,8,ALL OTHER POSITIONS,15,CAREER-CONDITIONAL (COMPETITIVE SERVICE PERMANENT),F,FULL-TIME,1,11,DC,DISTRICT OF COLUMBIA,US,UNITED STATES,115749,13
TR,DEPARTMENT OF TREASURY,TR93,INTERNAL REVENUE SERVICE,SD,Retirement - Voluntary,202312,65 OR MORE,17,MASTER'S DEGREE,24.1,0110,ECONOMIST,01,"SOCIAL SCIENCE, PSYCHOLOGY, AND WELFARE GROUP",GS,GENERAL SCHEDULE,STEM OCCUPATIONS,SCIENCE OCCUPATIONS,8,ALL OTHER POSITIONS,10,CAREER (COMPETITIVE SERVICE PERMANENT),F,FULL-TIME,1,06,CA,CALIFORNIA,US,UNITED STATES,183500,14
TR,DEPARTMENT OF TREASURY,TR91,DEPARTMENTAL OFFICES,SA,Transfer Out - Individual Transfer,202310,35-39,17,MASTER'S DEGREE,4.0,0110,ECONOMIST,01,"SOCIAL SCIENCE, PSYCHOLOGY, AND WELFARE GROUP",GS,GENERAL SCHEDULE,STEM OCCUPATIONS,SCIENCE OCCUPATIONS,8,ALL OTHER POSITIONS,10,CAREER (COMPETITIVE SERVICE PERMANENT),F,FULL-TIME,1,11,DC,DISTRICT OF COLUMBIA,US,UNITED STATES,119482,13
TR,DEPARTMENT OF TREASURY,TR93,INTERNAL REVENUE SERVICE,SD,Retirement - Voluntary,202312,65 OR MORE,21,DOCTORATE DEGREE,15.6,0110,ECONOMIST,01,"SOCIAL SCIENCE, PSYCHOLOGY, AND WELFARE GROUP",GS,GENERAL SCHEDULE,STEM OCCUPATIONS,SCIENCE OCCUPATIONS,8,ALL OTHER POSITIONS,10,CAREER (COMPETITIVE SERVICE PERMANENT),F,FULL-TIME,1,26,MI,MICHIGAN,US,UNITED STATES,149626,14
TR,DEPARTMENT OF TREASURY,TR91,DEPARTMENTAL OFFICES,SC,Quit,202312,45-49,17,MASTER'S DEGREE,14.0,0110,ECONOMIST,01,"SOCIAL SCIENCE, PSYCHOLOGY, AND WELFARE GROUP",GS,GENERAL SCHEDULE,STEM OCCUPATIONS,SCIENCE OCCUPATIONS,8,ALL OTHER POSITIONS,20,NONPERMANENT (COMPETITTIVE SERVICE NONPERMANENT),F,FULL-TIME,1,51,VA,VIRGINIA,US,UNITED STATES,176458,15
TR,DEPARTMENT OF TREASURY,TR91,DEPARTMENTAL OFFICES,SC,Quit,202312,30-34,04,HIGH SCHOOL GRADUATE OR CERTIFICATE OF EQUIVALENCY,9.4,0110,ECONOMIST,01,"SOCIAL SCIENCE, PSYCHOLOGY, AND WELFARE GROUP",GS,GENERAL SCHEDULE,STEM OCCUPATIONS,SCIENCE OCCUPATIONS,8,ALL OTHER POSITIONS,10,CAREER (COMPETITIVE SERVICE PERMANENT),F,FULL-TIME,1,11,DC,DISTRICT OF COLUMBIA,US,UNITED STATES,145604,14
TR,DEPARTMENT OF TREASURY,TR91,DEPARTMENTAL OFFICES,SA,Transfer Out - Individual Transfer,202312,55-59,17,MASTER'S DEGREE,32.5,0110,ECONOMIST,01,"SOCIAL SCIENCE, PSYCHOLOGY, AND WELFARE GROUP",GS,GENERAL SCHEDULE,STEM OCCUPATIONS,SCIENCE OCCUPATIONS,8,ALL OTHER POSITIONS,10,CAREER (COMPETITIVE SERVICE PERMANENT),F,FULL-TIME,1,11,DC,DISTRICT OF COLUMBIA,US,UNITED STATES,183500,15
TR,DEPARTMENT OF TREASURY,TR91,DEPARTMENTAL OFFICES,SC,Quit,202401,35-39,13,BACHELOR'S DEGREE,10.5,0110,ECONOMIST,01,"SOCIAL SCIENCE, PSYCHOLOGY, AND WELFARE GROUP",GS,GENERAL SCHEDULE,STEM OCCUPATIONS,SCIENCE OCCUPATIONS,8,ALL OTHER POSITIONS,10,CAREER (COMPETITIVE SERVICE PERMANENT),F,FULL-TIME,1,11,DC,DISTRICT OF COLUMBIA,US,UNITED STATES,183500,15
TR,DEPARTMENT OF TREASURY,TR91,DEPARTMENTAL OFFICES,SC,Quit,202312,40-44,21,DOCTORATE DEGREE,0.6,0110,ECONOMIST,01,"SOCIAL SCIENCE, PSYCHOLOGY, AND WELFARE GROUP",GS,GENERAL SCHEDULE,STEM OCCUPATIONS,SCIENCE OCCUPATIONS,8,ALL OTHER POSITIONS,15,CAREER-CONDITIONAL (COMPETITIVE SERVICE PERMANENT),F,FULL-TIME,1,11,DC,DISTRICT OF COLUMBIA,US,UNITED STATES,172075,14
TR,DEPARTMENT OF TREASURY,TR93,INTERNAL REVENUE SERVICE,SC,Quit,202312,30-34,04,HIGH SCHOOL GRADUATE OR CERTIFICATE OF EQUIVALENCY,1.9,0110,ECONOMIST,01,"SOCIAL SCIENCE, PSYCHOLOGY, AND WELFARE GROUP",GS,GENERAL SCHEDULE,STEM OCCUPATIONS,SCIENCE OCCUPATIONS,8,ALL OTHER POSITIONS,15,CAREER-CONDITIONAL (COMPETITIVE SERVICE PERMANENT),F,FULL-TIME,1,06,CA,CALIFORNIA,US,UNITED STATES,168018,14
AG,DEPARTMENT OF AGRICULTURE,AG18,ECONOMIC RESEARCH SERVICE,SC,Quit,202401,30-34,17,MASTER'S DEGREE,2.8,0110,ECONOMIST,01,"SOCIAL SCIENCE, PSYCHOLOGY, AND WELFARE GROUP",GS,GENERAL SCHEDULE,STEM OCCUPATIONS,SCIENCE OCCUPATIONS,8,ALL OTHER POSITIONS,15,CAREER-CONDITIONAL (COMPETITIVE SERVICE PERMANENT),F,FULL-TIME,1,04,AZ,ARIZONA,US,UNITED STATES,74972,11
AG,DEPARTMENT OF AGRICULTURE,AG38,OFFICE OF THE CHIEF ECONOMIST,SD,Retirement - Voluntary,202403,60-64,17,MASTER'S DEGREE,40.1,0110,ECONOMIST,01,"SOCIAL SCIENCE, PSYCHOLOGY, AND WELFARE GROUP",GS,GENERAL SCHEDULE,STEM OCCUPATIONS,SCIENCE OCCUPATIONS,8,ALL OTHER POSITIONS,10,CAREER (COMPETITIVE SERVICE PERMANENT),F,FULL-TIME,1,11,DC,DISTRICT OF COLUMBIA,US,UNITED STATES,191900,15
AG,DEPARTMENT OF AGRICULTURE,AG38,OFFICE OF THE CHIEF ECONOMIST,SC,Quit,202403,45-49,20,POST-SIXTH YEAR,17.8,0110,ECONOMIST,01,"SOCIAL SCIENCE, PSYCHOLOGY, AND WELFARE GROUP",GS,GENERAL SCHEDULE,STEM OCCUPATIONS,SCIENCE OCCUPATIONS,8,ALL OTHER POSITIONS,10,CAREER (COMPETITIVE SERVICE PERMANENT),F,FULL-TIME,1,11,DC,DISTRICT OF COLUMBIA,US,UNITED STATES,171923,14
AG,DEPARTMENT OF AGRICULTURE,AG11,FOREST SERVICE,SA,Transfer Out - Individual Transfer,202402,35-39,17,MASTER'S DEGREE,13.3,0110,ECONOMIST,01,"SOCIAL SCIENCE, PSYCHOLOGY, AND WELFARE GROUP",GS,GENERAL SCHEDULE,STEM OCCUPATIONS,SCIENCE OCCUPATIONS,4,SUPERVISOR (CSRA),10,CAREER (COMPETITIVE SERVICE PERMANENT),F,FULL-TIME,1,11,DC,DISTRICT OF COLUMBIA,US,UNITED STATES,157982,14
AG,DEPARTMENT OF AGRICULTURE,AG18,ECONOMIC RESEARCH SERVICE,SC,Quit,202401,30-34,21,DOCTORATE DEGREE,2.0,0110,ECONOMIST,01,"SOCIAL SCIENCE, PSYCHOLOGY, AND WELFARE GROUP",GS,GENERAL SCHEDULE,STEM OCCUPATIONS,SCIENCE OCCUPATIONS,8,ALL OTHER POSITIONS,15,CAREER-CONDITIONAL (COMPETITIVE SERVICE PERMANENT),F,FULL-TIME,1,REDACTED,REDACTED,REDACTED,US,UNITED STATES,101453,12
AG,DEPARTMENT OF AGRICULTURE,AG18,ECONOMIC RESEARCH SERVICE,SA,Transfer Out - Individual Transfer,202401,30-34,17,MASTER'S DEGREE,5.2,0110,ECONOMIST,01,"SOCIAL SCIENCE, PSYCHOLOGY, AND WELFARE GROUP",GS,GENERAL SCHEDULE,STEM OCCUPATIONS,SCIENCE OCCUPATIONS,8,ALL OTHER POSITIONS,10,CAREER (COMPETITIVE SERVICE PERMANENT),F,FULL-TIME,1,11,DC,DISTRICT OF COLUMBIA,US,UNITED STATES,121894,13
IN,DEPARTMENT OF INTERIOR,IN08,GEOLOGICAL SURVEY,SC,Quit,202311,25-29,17,MASTER'S DEGREE,0.4,0110,ECONOMIST,01,"SOCIAL SCIENCE, PSYCHOLOGY, AND WELFARE GROUP",GS,GENERAL SCHEDULE,STEM OCCUPATIONS,SCIENCE OCCUPATIONS,8,ALL OTHER POSITIONS,20,NONPERMANENT (COMPETITTIVE SERVICE NONPERMANENT),F,FULL-TIME,1,08,CO,COLORADO,US,UNITED STATES,65379,09
IN,DEPARTMENT OF INTERIOR,IN27,BUREAU OF OCEAN ENERGY MANAGEMENT,SA,Transfer Out - Individual Transfer,202310,50-54,21,DOCTORATE DEGREE,15.4,0110,ECONOMIST,01,"SOCIAL SCIENCE, PSYCHOLOGY, AND WELFARE GROUP",GS,GENERAL SCHEDULE,STEM OCCUPATIONS,SCIENCE OCCUPATIONS,8,ALL OTHER POSITIONS,10,CAREER (COMPETITIVE SERVICE PERMANENT),F,FULL-TIME,1,51,VA,VIRGINIA,US,UNITED STATES,150016,14
IN,DEPARTMENT OF INTERIOR,IN01,OFFICE OF THE SECRETARY OF THE INTERIOR,SA,Transfer Out - Individual Transfer,202310,55-59,21,DOCTORATE DEGREE,2.4,0110,ECONOMIST,01,"SOCIAL SCIENCE, PSYCHOLOGY, AND WELFARE GROUP",GS,GENERAL SCHEDULE,STEM OCCUPATIONS,SCIENCE OCCUPATIONS,2,SUPERVISOR OR MANAGER,15,CAREER-CONDITIONAL (COMPETITIVE SERVICE PERMANENT),F,FULL-TIME,1,11,DC,DISTRICT OF COLUMBIA,US,UNITED STATES,160889,15
NF,NATIONAL SCIENCE FOUNDATION,NF00,NATIONAL SCIENCE FOUNDATION,SD,Retirement - Voluntary,202312,65 OR MORE,17,MASTER'S DEGREE,44.6,0110,ECONOMIST,01,"SOCIAL SCIENCE, PSYCHOLOGY, AND WELFARE GROUP",GS,GENERAL SCHEDULE,STEM OCCUPATIONS,SCIENCE OCCUPATIONS,8,ALL OTHER POSITIONS,10,CAREER (COMPETITIVE SERVICE PERMANENT),F,FULL-TIME,1,51,VA,VIRGINIA,US,UNITED STATES,172075,14
AM,U.S. AGENCY FOR INTERNATIONAL DEV,AM00,U.S. AGENCY FOR INTERNATIONAL DEVELOPMENT,SA,Transfer Out - Individual Transfer,202310,35-39,17,MASTER'S DEGREE,6.7,0110,ECONOMIST,01,"SOCIAL SCIENCE, PSYCHOLOGY, AND WELFARE GROUP",FP,FOREIGN SERVICE PERSONNEL,STEM OCCUPATIONS,SCIENCE OCCUPATIONS,8,ALL OTHER POSITIONS,48,OTHER (EXCEPTED SERVICE NONPERMANENT),F,FULL-TIME,1,11,DC,DISTRICT OF COLUMBIA,US,UNITED STATES,137862,02
TR,DEPARTMENT OF TREASURY,TRAJ,OFFICE OF THE COMPTROLLER OF THE CURRENCY,SC,Quit,202402,40-44,17,MASTER'S DEGREE,8.5,0110,ECONOMIST,01,"SOCIAL SCIENCE, PSYCHOLOGY, AND WELFARE GROUP",NB,OFFICE OF THE COMPTROLLER OF THE CURRENCY ONLY,STEM OCCUPATIONS,SCIENCE OCCUPATIONS,8,ALL OTHER POSITIONS,10,CAREER (COMPETITIVE SERVICE PERMANENT),F,FULL-TIME,1,11,DC,DISTRICT OF COLUMBIA,US,UNITED STATES,206555,06
TR,DEPARTMENT OF TREASURY,TRAJ,OFFICE OF THE COMPTROLLER OF THE CURRENCY,SD,Retirement - Voluntary,202402,65 OR MORE,21,DOCTORATE DEGREE,40.8,0110,ECONOMIST,01,"SOCIAL SCIENCE, PSYCHOLOGY, AND WELFARE GROUP",NB,OFFICE OF THE COMPTROLLER OF THE CURRENCY ONLY,STEM OCCUPATIONS,SCIENCE OCCUPATIONS,2,SUPERVISOR OR MANAGER,10,CAREER (COMPETITIVE SERVICE PERMANENT),F,FULL-TIME,1,11,DC,DISTRICT OF COLUMBIA,US,UNITED STATES,302200,07
HE,DEPARTMENT OF HEALTH AND HUMAN SERVICES,HE36,FOOD AND DRUG ADMINISTRATION,SA,Transfer Out - Individual Transfer,202312,40-44,17,MASTER'S DEGREE,10.3,0110,ECONOMIST,01,"SOCIAL SCIENCE, PSYCHOLOGY, AND WELFARE GROUP",GS,GENERAL SCHEDULE,STEM OCCUPATIONS,SCIENCE OCCUPATIONS,8,ALL OTHER POSITIONS,10,CAREER (COMPETITIVE SERVICE PERMANENT),P,PART-TIME,1,24,MD,MARYLAND,US,UNITED STATES,158840,14
HE,DEPARTMENT OF HEALTH AND HUMAN SERVICES,HE39,CENTERS FOR DISEASE CONTROL AND PREVENTION,SC,Quit,202312,55-59,17,MASTER'S DEGREE,23.3,0110,ECONOMIST,01,"SOCIAL SCIENCE, PSYCHOLOGY, AND WELFARE GROUP",GS,GENERAL SCHEDULE,STEM OCCUPATIONS,SCIENCE OCCUPATIONS,8,ALL OTHER POSITIONS,10,CAREER (COMPETITIVE SERVICE PERMANENT),F,FULL-TIME,1,13,GA,GEORGIA,US,UNITED STATES,135209,13
HE,DEPARTMENT OF HEALTH AND HUMAN SERVICES,HE10,OFFICE OF THE SECRETARY OF HEALTH AND HUMAN SERVICES,SA,Transfer Out - Individual Transfer,202311,35-39,21,DOCTORATE DEGREE,7.3,0110,ECONOMIST,01,"SOCIAL SCIENCE, PSYCHOLOGY, AND WELFARE GROUP",GS,GENERAL SCHEDULE,STEM OCCUPATIONS,SCIENCE OCCUPATIONS,8,ALL OTHER POSITIONS,10,CAREER (COMPETITIVE SERVICE PERMANENT),F,FULL-TIME,1,11,DC,DISTRICT OF COLUMBIA,US,UNITED STATES,119482,13
HE,DEPARTMENT OF HEALTH AND HUMAN SERVICES,HE39,CENTERS FOR DISEASE CONTROL AND PREVENTION,SC,Quit,202401,30-34,21,DOCTORATE DEGREE,1.3,0110,ECONOMIST,01,"SOCIAL SCIENCE, PSYCHOLOGY, AND WELFARE GROUP",AD,"ADMINISTRATIVELY DETERMINED RATES, NOT ELSEWHERE SPECIFIED",STEM OCCUPATIONS,SCIENCE OCCUPATIONS,8,ALL OTHER POSITIONS,48,OTHER (EXCEPTED SERVICE NONPERMANENT),F,FULL-TIME,1,13,GA,GEORGIA,US,UNITED STATES,96213,00
HE,DEPARTMENT OF HEALTH AND HUMAN SERVICES,HE70,CENTERS FOR MEDICARE & MEDICAID SERVICES,SC,Quit,202310,30-34,21,DOCTORATE DEGREE,4.3,0110,ECONOMIST,01,"SOCIAL SCIENCE, PSYCHOLOGY, AND WELFARE GROUP",GS,GENERAL SCHEDULE,STEM OCCUPATIONS,SCIENCE OCCUPATIONS,8,ALL OTHER POSITIONS,10,CAREER (COMPETITIVE SERVICE PERMANENT),F,FULL-TIME,1,29,MO,MISSOURI,US,UNITED STATES,107407,13
HE,DEPARTMENT OF HEALTH AND HUMAN SERVICES,HE70,CENTERS FOR MEDICARE & MEDICAID SERVICES,SC,Quit,202312,30-34,17,MASTER'S DEGREE,2.1,0110,ECONOMIST,01,"SOCIAL SCIENCE, PSYCHOLOGY, AND WELFARE GROUP",GS,GENERAL SCHEDULE,STEM OCCUPATIONS,SCIENCE OCCUPATIONS,8,ALL OTHER POSITIONS,15,CAREER-CONDITIONAL (COMPETITIVE SERVICE PERMANENT),F,FULL-TIME,1,24,MD,MARYLAND,US,UNITED STATES,94199,12
HS,DEPARTMENT OF HOMELAND SECURITY,HSCB,FEDERAL EMERGENCY MANAGEMENT AGENCY,SC,Quit,202401,55-59,13,BACHELOR'S DEGREE,3.0,0110,ECONOMIST,01,"SOCIAL SCIENCE, PSYCHOLOGY, AND WELFARE GROUP",GS,GENERAL SCHEDULE,STEM OCCUPATIONS,SCIENCE OCCUPATIONS,8,ALL OTHER POSITIONS,15,CAREER-CONDITIONAL (COMPETITIVE SERVICE PERMANENT),F,FULL-TIME,1,11,DC,DISTRICT OF COLUMBIA,US,UNITED STATES,136780,14
TD,DEPARTMENT OF TRANSPORTATION,TD17,FEDERAL MOTOR CARRIER SAFETY ADMINISTRATION,SA,Transfer Out - Individual Transfer,202310,35-39,14,POST-BACHELOR'S,11.5,0110,ECONOMIST,01,"SOCIAL SCIENCE, PSYCHOLOGY, AND WELFARE GROUP",GS,GENERAL SCHEDULE,STEM OCCUPATIONS,SCIENCE OCCUPATIONS,8,ALL OTHER POSITIONS,10,CAREER (COMPETITIVE SERVICE PERMANENT),F,FULL-TIME,1,51,VA,VIRGINIA,US,UNITED STATES,145604,14
TD,DEPARTMENT OF TRANSPORTATION,TD13,MARITIME ADMINISTRATION,SA,Transfer Out - Individual Transfer,202312,35-39,17,MASTER'S DEGREE,10.3,0110,ECONOMIST,01,"SOCIAL SCIENCE, PSYCHOLOGY, AND WELFARE GROUP",GS,GENERAL SCHEDULE,STEM OCCUPATIONS,SCIENCE OCCUPATIONS,8,ALL OTHER POSITIONS,10,CAREER (COMPETITIVE SERVICE PERMANENT),F,FULL-TIME,1,11,DC,DISTRICT OF COLUMBIA,US,UNITED STATES,154428,14
TW,SURFACE TRANSPORTATION BOARD,TW00,SURFACE TRANSPORTATION BOARD,SA,Transfer Out - Individual Transfer,202310,50-54,21,DOCTORATE DEGREE,14.4,0110,ECONOMIST,01,"SOCIAL SCIENCE, PSYCHOLOGY, AND WELFARE GROUP",GS,GENERAL SCHEDULE,STEM OCCUPATIONS,SCIENCE OCCUPATIONS,8,ALL OTHER POSITIONS,10,CAREER (COMPETITIVE SERVICE PERMANENT),F,FULL-TIME,1,11,DC,DISTRICT OF COLUMBIA,US,UNITED STATES,172075,14
TR,DEPARTMENT OF TREASURY,TRAJ,OFFICE OF THE COMPTROLLER OF THE CURRENCY,SA,Transfer Out - Individual Transfer,202310,40-44,13,BACHELOR'S DEGREE,2.3,0110,ECONOMIST,01,"SOCIAL SCIENCE, PSYCHOLOGY, AND WELFARE GROUP",NB,OFFICE OF THE COMPTROLLER OF THE CURRENCY ONLY,STEM OCCUPATIONS,SCIENCE OCCUPATIONS,8,ALL OTHER POSITIONS,15,CAREER-CONDITIONAL (COMPETITIVE SERVICE PERMANENT),F,FULL-TIME,1,11,DC,DISTRICT OF COLUMBIA,US,UNITED STATES,213734,06
AG,DEPARTMENT OF AGRICULTURE,AG16,NATURAL RESOURCES CONSERVATION SERVICE,SD,Retirement - Voluntary,202312,60-64,13,BACHELOR'S DEGREE,34.7,0110,ECONOMIST,01,"SOCIAL SCIENCE, PSYCHOLOGY, AND WELFARE GROUP",GS,GENERAL SCHEDULE,STEM OCCUPATIONS,SCIENCE OCCUPATIONS,8,ALL OTHER POSITIONS,10,CAREER (COMPETITIVE SERVICE PERMANENT),F,FULL-TIME,1,19,IA,IOWA,US,UNITED STATES,108262,12
AG,DEPARTMENT OF AGRICULTURE,AG18,ECONOMIC RESEARCH SERVICE,SA,Transfer Out - Individual Transfer,202311,30-34,21,DOCTORATE DEGREE,3.8,0110,ECONOMIST,01,"SOCIAL SCIENCE, PSYCHOLOGY, AND WELFARE GROUP",GS,GENERAL SCHEDULE,STEM OCCUPATIONS,SCIENCE OCCUPATIONS,8,ALL OTHER POSITIONS,10,CAREER (COMPETITIVE SERVICE PERMANENT),F,FULL-TIME,1,51,VA,VIRGINIA,US,UNITED STATES,123216,13
AG,DEPARTMENT OF AGRICULTURE,AG18,ECONOMIC RESEARCH SERVICE,SD,Retirement - Voluntary,202312,65 OR MORE,21,DOCTORATE DEGREE,15.8,0110,ECONOMIST,01,"SOCIAL SCIENCE, PSYCHOLOGY, AND WELFARE GROUP",GS,GENERAL SCHEDULE,STEM OCCUPATIONS,SCIENCE OCCUPATIONS,2,SUPERVISOR OR MANAGER,10,CAREER (COMPETITIVE SERVICE PERMANENT),F,FULL-TIME,1,29,MO,MISSOURI,US,UNITED STATES,180545,15
AG,DEPARTMENT OF AGRICULTURE,AG18,ECONOMIC RESEARCH SERVICE,SJ,Termination (Expired Appt/Other),202312,65 OR MORE,21,DOCTORATE DEGREE,39.5,0110,ECONOMIST,01,"SOCIAL SCIENCE, PSYCHOLOGY, AND WELFARE GROUP",GS,GENERAL SCHEDULE,STEM OCCUPATIONS,SCIENCE OCCUPATIONS,4,SUPERVISOR (CSRA),20,NONPERMANENT (COMPETITTIVE SERVICE NONPERMANENT),P,PART-TIME,1,51,VA,VIRGINIA,US,UNITED STATES,183500,15
AG,DEPARTMENT OF AGRICULTURE,AG18,ECONOMIC RESEARCH SERVICE,SC,Quit,202310,35-39,21,DOCTORATE DEGREE,8.0,0110,ECONOMIST,01,"SOCIAL SCIENCE, PSYCHOLOGY, AND WELFARE GROUP",GS,GENERAL SCHEDULE,STEM OCCUPATIONS,SCIENCE OCCUPATIONS,8,ALL OTHER POSITIONS,10,CAREER (COMPETITIVE SERVICE PERMANENT),F,FULL-TIME,1,24,MD,MARYLAND,US,UNITED STATES,141192,14
AG,DEPARTMENT OF AGRICULTURE,AG10,FOREIGN AGRICULTURAL SERVICE,SC,Quit,202312,25-29,13,BACHELOR'S DEGREE,5.4,0110,ECONOMIST,01,"SOCIAL SCIENCE, PSYCHOLOGY, AND WELFARE GROUP",GS,GENERAL SCHEDULE,STEM OCCUPATIONS,SCIENCE OCCUPATIONS,8,ALL OTHER POSITIONS,48,OTHER (EXCEPTED SERVICE NONPERMANENT),F,FULL-TIME,1,11,DC,DISTRICT OF COLUMBIA,US,UNITED STATES,64957,09
AG,DEPARTMENT OF AGRICULTURE,AG16,NATURAL RESOURCES CONSERVATION SERVICE,SD,Retirement - Voluntary,202312,60-64,17,MASTER'S DEGREE,32.8,0110,ECONOMIST,01,"SOCIAL SCIENCE, PSYCHOLOGY, AND WELFARE GROUP",GS,GENERAL SCHEDULE,STEM OCCUPATIONS,SCIENCE OCCUPATIONS,8,ALL OTHER POSITIONS,10,CAREER (COMPETITIVE SERVICE PERMANENT),F,FULL-TIME,1,54,WV,WEST VIRGINIA,US,UNITED STATES,107680,12
AG,DEPARTMENT OF AGRICULTURE,AG10,FOREIGN AGRICULTURAL SERVICE,SC,Quit,202311,25-29,17,MASTER'S DEGREE,1.3,0110,ECONOMIST,01,"SOCIAL SCIENCE, PSYCHOLOGY, AND WELFARE GROUP",GS,GENERAL SCHEDULE,STEM OCCUPATIONS,SCIENCE OCCUPATIONS,8,ALL OTHER POSITIONS,15,CAREER-CONDITIONAL (COMPETITIVE SERVICE PERMANENT),F,FULL-TIME,1,11,DC,DISTRICT OF COLUMBIA,US,UNITED STATES,78592,11
AG,DEPARTMENT OF AGRICULTURE,AG10,FOREIGN AGRICULTURAL SERVICE,SJ,Termination (Expired Appt/Other),202310,20-24,01,NO FORMAL EDUCATION OR SOME ELEMENTARY SCHOOL - DID NOT COMPLETE,2.0,0119,ECONOMICS ASSISTANT,01,"SOCIAL SCIENCE, PSYCHOLOGY, AND WELFARE GROUP",GS,GENERAL SCHEDULE,ALL OTHER OCCUPATIONS,ALL OTHER OCCUPATIONS,8,ALL OTHER POSITIONS,40,SCHEDULE A (EXCEPTED SERVICE NONPERMANENT),F,FULL-TIME,1,11,DC,DISTRICT OF COLUMBIA,US,UNITED STATES,31284,02
TR,DEPARTMENT OF TREASURY,TR91,DEPARTMENTAL OFFICES,SL,Other Separation,202402,30-34,17,MASTER'S DEGREE,0.3,0110,ECONOMIST,01,"SOCIAL SCIENCE, PSYCHOLOGY, AND WELFARE GROUP",GS,GENERAL SCHEDULE,STEM OCCUPATIONS,SCIENCE OCCUPATIONS,8,ALL OTHER POSITIONS,15,CAREER-CONDITIONAL (COMPETITIVE SERVICE PERMANENT),F,FULL-TIME,1,11,DC,DISTRICT OF COLUMBIA,US,UNITED STATES,145489,13
TR,DEPARTMENT OF TREASURY,TR93,INTERNAL REVENUE SERVICE,SC,Quit,202403,50-54,04,HIGH SCHOOL GRADUATE OR CERTIFICATE OF EQUIVALENCY,0.8,0110,ECONOMIST,01,"SOCIAL SCIENCE, PSYCHOLOGY, AND WELFARE GROUP",GS,GENERAL SCHEDULE,STEM OCCUPATIONS,SCIENCE OCCUPATIONS,8,ALL OTHER POSITIONS,38,OTHER (EXCEPTED SERVICE PERMANENT),F,FULL-TIME,1,11,DC,DISTRICT OF COLUMBIA,US,UNITED STATES,68405,09
TR,DEPARTMENT OF TREASURY,TR93,INTERNAL REVENUE SERVICE,SD,Retirement - Voluntary,202401,65 OR MORE,21,DOCTORATE DEGREE,40.3,0110,ECONOMIST,01,"SOCIAL SCIENCE, PSYCHOLOGY, AND WELFARE GROUP",GS,GENERAL SCHEDULE,STEM OCCUPATIONS,SCIENCE OCCUPATIONS,8,ALL OTHER POSITIONS,10,CAREER (COMPETITIVE SERVICE PERMANENT),F,FULL-TIME,1,11,DC,DISTRICT OF COLUMBIA,US,UNITED STATES,128956,12
TR,DEPARTMENT OF TREASURY,TR91,DEPARTMENTAL OFFICES,SD,Retirement - Voluntary,202402,55-59,17,MASTER'S DEGREE,32.3,0110,ECONOMIST,01,"SOCIAL SCIENCE, PSYCHOLOGY, AND WELFARE GROUP",GS,GENERAL SCHEDULE,STEM OCCUPATIONS,SCIENCE OCCUPATIONS,8,ALL OTHER POSITIONS,10,CAREER (COMPETITIVE SERVICE PERMANENT),F,FULL-TIME,1,11,DC,DISTRICT OF COLUMBIA,US,UNITED STATES,181216,14
DL,DEPARTMENT OF LABOR,DLLS,BUREAU OF LABOR STATISTICS,SL,Other Separation,202312,40-44,04,HIGH SCHOOL GRADUATE OR CERTIFICATE OF EQUIVALENCY,0.1,0119,ECONOMICS ASSISTANT,01,"SOCIAL SCIENCE, PSYCHOLOGY, AND WELFARE GROUP",GS,GENERAL SCHEDULE,ALL OTHER OCCUPATIONS,ALL OTHER OCCUPATIONS,8,ALL OTHER POSITIONS,15,CAREER-CONDITIONAL (COMPETITIVE SERVICE PERMANENT),P,PART-TIME,1,25,MA,MASSACHUSETTS,US,UNITED STATES,42404,05
DL,DEPARTMENT OF LABOR,DLLS,BUREAU OF LABOR STATISTICS,SC,Quit,202311,45-49,17,MASTER'S DEGREE,19.8,0110,ECONOMIST,01,"SOCIAL SCIENCE, PSYCHOLOGY, AND WELFARE GROUP",GS,GENERAL SCHEDULE,STEM OCCUPATIONS,SCIENCE OCCUPATIONS,8,ALL OTHER POSITIONS,10,CAREER (COMPETITIVE SERVICE PERMANENT),F,FULL-TIME,1,11,DC,DISTRICT OF COLUMBIA,US,UNITED STATES,106759,12
DL,DEPARTMENT OF LABOR,DLLS,BUREAU OF LABOR STATISTICS,SA,Transfer Out - Individual Transfer,202311,45-49,13,BACHELOR'S DEGREE,21.9,0110,ECONOMIST,01,"SOCIAL SCIENCE, PSYCHOLOGY, AND WELFARE GROUP",GS,GENERAL SCHEDULE,STEM OCCUPATIONS,SCIENCE OCCUPATIONS,8,ALL OTHER POSITIONS,10,CAREER (COMPETITIVE SERVICE PERMANENT),F,FULL-TIME,1,51,VA,VIRGINIA,US,UNITED STATES,154428,14
DL,DEPARTMENT OF LABOR,DLPW,EMPLOYEE BENEFITS SECURITY ADMINISTRATION,SA,Transfer Out - Individual Transfer,202311,40-44,17,MASTER'S DEGREE,12.5,0110,ECONOMIST,01,"SOCIAL SCIENCE, PSYCHOLOGY, AND WELFARE GROUP",GS,GENERAL SCHEDULE,STEM OCCUPATIONS,SCIENCE OCCUPATIONS,8,ALL OTHER POSITIONS,10,CAREER (COMPETITIVE SERVICE PERMANENT),F,FULL-TIME,1,11,DC,DISTRICT OF COLUMBIA,US,UNITED STATES,172075,14
DL,DEPARTMENT OF LABOR,DLLS,BUREAU OF LABOR STATISTICS,SC,Quit,202310,20-24,13,BACHELOR'S DEGREE,1.3,0110,ECONOMIST,01,"SOCIAL SCIENCE, PSYCHOLOGY, AND WELFARE GROUP",GS,GENERAL SCHEDULE,STEM OCCUPATIONS,SCIENCE OCCUPATIONS,8,ALL OTHER POSITIONS,15,CAREER-CONDITIONAL (COMPETITIVE SERVICE PERMANENT),F,FULL-TIME,1,24,MD,MARYLAND,US,UNITED STATES,64957,09
DL,DEPARTMENT OF LABOR,DLLS,BUREAU OF LABOR STATISTICS,SA,Transfer Out - Individual Transfer,202311,50-54,17,MASTER'S DEGREE,24.3,0110,ECONOMIST,01,"SOCIAL SCIENCE, PSYCHOLOGY, AND WELFARE GROUP",GS,GENERAL SCHEDULE,STEM OCCUPATIONS,SCIENCE OCCUPATIONS,8,ALL OTHER POSITIONS,10,CAREER (COMPETITIVE SERVICE PERMANENT),F,FULL-TIME,1,11,DC,DISTRICT OF COLUMBIA,US,UNITED STATES,138150,13
DL,DEPARTMENT OF LABOR,DLLS,BUREAU OF LABOR STATISTICS,SA,Transfer Out - Individual Transfer,202310,30-34,13,BACHELOR'S DEGREE,8.9,0110,ECONOMIST,01,"SOCIAL SCIENCE, PSYCHOLOGY, AND WELFARE GROUP",GS,GENERAL SCHEDULE,STEM OCCUPATIONS,SCIENCE OCCUPATIONS,2,SUPERVISOR OR MANAGER,10,CAREER (COMPETITIVE SERVICE PERMANENT),F,FULL-TIME,1,51,VA,VIRGINIA,US,UNITED STATES,109463,13
DL,DEPARTMENT OF LABOR,DLLS,BUREAU OF LABOR STATISTICS,SD,Retirement - Voluntary,202311,60-64,17,MASTER'S DEGREE,23.1,0110,ECONOMIST,01,"SOCIAL SCIENCE, PSYCHOLOGY, AND WELFARE GROUP",GS,GENERAL SCHEDULE,STEM OCCUPATIONS,SCIENCE OCCUPATIONS,8,ALL OTHER POSITIONS,10,CAREER (COMPETITIVE SERVICE PERMANENT),F,FULL-TIME,1,24,MD,MARYLAND,US,UNITED STATES,145617,13
DL,DEPARTMENT OF LABOR,DLLS,BUREAU OF LABOR STATISTICS,SD,Retirement - Voluntary,202311,65 OR MORE,14,POST-BACHELOR'S,24.5,0110,ECONOMIST,01,"SOCIAL SCIENCE, PSYCHOLOGY, AND WELFARE GROUP",GS,GENERAL SCHEDULE,STEM OCCUPATIONS,SCIENCE OCCUPATIONS,8,ALL OTHER POSITIONS,10,CAREER (COMPETITIVE SERVICE PERMANENT),F,FULL-TIME,1,17,IL,ILLINOIS,US,UNITED STATES,119964,12
DL,DEPARTMENT OF LABOR,DLLS,BUREAU OF LABOR STATISTICS,SA,Transfer Out - Individual Transfer,202310,45-49,13,BACHELOR'S DEGREE,23.3,0110,ECONOMIST,01,"SOCIAL SCIENCE, PSYCHOLOGY, AND WELFARE GROUP",GS,GENERAL SCHEDULE,STEM OCCUPATIONS,SCIENCE OCCUPATIONS,2,SUPERVISOR OR MANAGER,10,CAREER (COMPETITIVE SERVICE PERMANENT),F,FULL-TIME,1,51,VA,VIRGINIA,US,UNITED STATES,163252,14
DL,DEPARTMENT OF LABOR,DLLS,BUREAU OF LABOR STATISTICS,SA,Transfer Out - Individual Transfer,202311,20-24,13,BACHELOR'S DEGREE,2.2,0110,ECONOMIST,01,"SOCIAL SCIENCE, PSYCHOLOGY, AND WELFARE GROUP",GS,GENERAL SCHEDULE,STEM OCCUPATIONS,SCIENCE OCCUPATIONS,8,ALL OTHER POSITIONS,15,CAREER-CONDITIONAL (COMPETITIVE SERVICE PERMANENT),F,FULL-TIME,1,11,DC,DISTRICT OF COLUMBIA,US,UNITED STATES,78592,11
DL,DEPARTMENT OF LABOR,DLLS,BUREAU OF LABOR STATISTICS,SC,Quit,202310,25-29,04,HIGH SCHOOL GRADUATE OR CERTIFICATE OF EQUIVALENCY,4.8,0110,ECONOMIST,01,"SOCIAL SCIENCE, PSYCHOLOGY, AND WELFARE GROUP",GS,GENERAL SCHEDULE,STEM OCCUPATIONS,SCIENCE OCCUPATIONS,8,ALL OTHER POSITIONS,10,CAREER (COMPETITIVE SERVICE PERMANENT),F,FULL-TIME,1,11,DC,DISTRICT OF COLUMBIA,US,UNITED STATES,97339,12
DN,DEPARTMENT OF ENERGY,DN00,DEPARTMENT OF ENERGY,SD,Retirement - Voluntary,202310,55-59,13,BACHELOR'S DEGREE,41.7,0110,ECONOMIST,01,"SOCIAL SCIENCE, PSYCHOLOGY, AND WELFARE GROUP",GS,GENERAL SCHEDULE,STEM OCCUPATIONS,SCIENCE OCCUPATIONS,8,ALL OTHER POSITIONS,10,CAREER (COMPETITIVE SERVICE PERMANENT),F,FULL-TIME,1,24,MD,MARYLAND,US,UNITED STATES,158840,14
DL,DEPARTMENT OF LABOR,DLLS,BUREAU OF LABOR STATISTICS,SD,Retirement - Voluntary,202310,60-64,14,POST-BACHELOR'S,31.1,0110,ECONOMIST,01,"SOCIAL SCIENCE, PSYCHOLOGY, AND WELFARE GROUP",GS,GENERAL SCHEDULE,STEM OCCUPATIONS,SCIENCE OCCUPATIONS,8,ALL OTHER POSITIONS,10,CAREER (COMPETITIVE SERVICE PERMANENT),F,FULL-TIME,1,29,MO,MISSOURI,US,UNITED STATES,109233,12
DL,DEPARTMENT OF LABOR,DLLS,BUREAU OF LABOR STATISTICS,SD,Retirement - Voluntary,202310,65 OR MORE,17,MASTER'S DEGREE,12.6,0119,ECONOMICS ASSISTANT,01,"SOCIAL SCIENCE, PSYCHOLOGY, AND WELFARE GROUP",GS,GENERAL SCHEDULE,ALL OTHER OCCUPATIONS,ALL OTHER OCCUPATIONS,8,ALL OTHER POSITIONS,10,CAREER (COMPETITIVE SERVICE PERMANENT),P,PART-TIME,1,36,NY,NEW YORK,US,UNITED STATES,65490,07
DL,DEPARTMENT OF LABOR,DLLS,BUREAU OF LABOR STATISTICS,SA,Transfer Out - Individual Transfer,202310,25-29,13,BACHELOR'S DEGREE,0.4,0110,ECONOMIST,01,"SOCIAL SCIENCE, PSYCHOLOGY, AND WELFARE GROUP",GS,GENERAL SCHEDULE,STEM OCCUPATIONS,SCIENCE OCCUPATIONS,8,ALL OTHER POSITIONS,15,CAREER-CONDITIONAL (COMPETITIVE SERVICE PERMANENT),F,FULL-TIME,1,42,PA,PENNSYLVANIA,US,UNITED STATES,51241,07
DN,DEPARTMENT OF ENERGY,DN00,DEPARTMENT OF ENERGY,SC,Quit,202401,40-44,17,MASTER'S DEGREE,21.3,0110,ECONOMIST,01,"SOCIAL SCIENCE, PSYCHOLOGY, AND WELFARE GROUP",GS,GENERAL SCHEDULE,STEM OCCUPATIONS,SCIENCE OCCUPATIONS,8,ALL OTHER POSITIONS,10,CAREER (COMPETITIVE SERVICE PERMANENT),F,FULL-TIME,1,51,VA,VIRGINIA,US,UNITED STATES,141884,13
EB,EXPORT-IMPORT BANK OF THE UNITED STATES,EB00,EXPORT-IMPORT BANK OF THE UNITED STATES,SD,Retirement - Voluntary,202401,65 OR MORE,17,MASTER'S DEGREE,45.3,0110,ECONOMIST,01,"SOCIAL SCIENCE, PSYCHOLOGY, AND WELFARE GROUP",GS,GENERAL SCHEDULE,STEM OCCUPATIONS,SCIENCE OCCUPATIONS,8,ALL OTHER POSITIONS,10,CAREER (COMPETITIVE SERVICE PERMANENT),F,FULL-TIME,1,11,DC,DISTRICT OF COLUMBIA,US,UNITED STATES,172075,14
DL,DEPARTMENT OF LABOR,DLLS,BUREAU OF LABOR STATISTICS,SD,Retirement - Voluntary,202401,65 OR MORE,17,MASTER'S DEGREE,22.1,0119,ECONOMICS ASSISTANT,01,"SOCIAL SCIENCE, PSYCHOLOGY, AND WELFARE GROUP",GS,GENERAL SCHEDULE,ALL OTHER OCCUPATIONS,ALL OTHER OCCUPATIONS,8,ALL OTHER POSITIONS,10,CAREER (COMPETITIVE SERVICE PERMANENT),P,PART-TIME,1,53,WA,WASHINGTON,US,UNITED STATES,59147,07
DL,DEPARTMENT OF LABOR,DLLS,BUREAU OF LABOR STATISTICS,SD,Retirement - Voluntary,202401,65 OR MORE,13,BACHELOR'S DEGREE,45.2,0110,ECONOMIST,01,"SOCIAL SCIENCE, PSYCHOLOGY, AND WELFARE GROUP",GS,GENERAL SCHEDULE,STEM OCCUPATIONS,SCIENCE OCCUPATIONS,2,SUPERVISOR OR MANAGER,10,CAREER (COMPETITIVE SERVICE PERMANENT),F,FULL-TIME,1,42,PA,PENNSYLVANIA,US,UNITED STATES,166036,14
DL,DEPARTMENT OF LABOR,DLLS,BUREAU OF LABOR STATISTICS,SD,Retirement - Voluntary,202401,55-59,14,POST-BACHELOR'S,31.3,0110,ECONOMIST,01,"SOCIAL SCIENCE, PSYCHOLOGY, AND WELFARE GROUP",GS,GENERAL SCHEDULE,STEM OCCUPATIONS,SCIENCE OCCUPATIONS,2,SUPERVISOR OR MANAGER,10,CAREER (COMPETITIVE SERVICE PERMANENT),F,FULL-TIME,1,13,GA,GEORGIA,US,UNITED STATES,135209,13
DL,DEPARTMENT OF LABOR,DLLS,BUREAU OF LABOR STATISTICS,SD,Retirement - Voluntary,202401,65 OR MORE,17,MASTER'S DEGREE,38.2,0110,ECONOMIST,01,"SOCIAL SCIENCE, PSYCHOLOGY, AND WELFARE GROUP",GS,GENERAL SCHEDULE,STEM OCCUPATIONS,SCIENCE OCCUPATIONS,2,SUPERVISOR OR MANAGER,10,CAREER (COMPETITIVE SERVICE PERMANENT),F,FULL-TIME,1,25,MA,MASSACHUSETTS,US,UNITED STATES,170205,14
DL,DEPARTMENT OF LABOR,DLLS,BUREAU OF LABOR STATISTICS,SC,Quit,202401,30-34,17,MASTER'S DEGREE,2.3,0110,ECONOMIST,01,"SOCIAL SCIENCE, PSYCHOLOGY, AND WELFARE GROUP",GS,GENERAL SCHEDULE,STEM OCCUPATIONS,SCIENCE OCCUPATIONS,8,ALL OTHER POSITIONS,15,CAREER-CONDITIONAL (COMPETITIVE SERVICE PERMANENT),F,FULL-TIME,1,48,TX,TEXAS,US,UNITED STATES,74961,11
DL,DEPARTMENT OF LABOR,DLLS,BUREAU OF LABOR STATISTICS,SD,Retirement - Voluntary,202401,65 OR MORE,17,MASTER'S DEGREE,28.9,0110,ECONOMIST,01,"SOCIAL SCIENCE, PSYCHOLOGY, AND WELFARE GROUP",GS,GENERAL SCHEDULE,STEM OCCUPATIONS,SCIENCE OCCUPATIONS,8,ALL OTHER POSITIONS,10,CAREER (COMPETITIVE SERVICE PERMANENT),F,FULL-TIME,1,39,OH,OHIO,US,UNITED STATES,111460,12
DL,DEPARTMENT OF LABOR,DLLS,BUREAU OF LABOR STATISTICS,SA,Transfer Out - Individual Transfer,202401,40-44,13,BACHELOR'S DEGREE,12.9,0110,ECONOMIST,01,"SOCIAL SCIENCE, PSYCHOLOGY, AND WELFARE GROUP",GS,GENERAL SCHEDULE,STEM OCCUPATIONS,SCIENCE OCCUPATIONS,8,ALL OTHER POSITIONS,10,CAREER (COMPETITIVE SERVICE PERMANENT),F,FULL-TIME,1,51,VA,VIRGINIA,US,UNITED STATES,126949,13
DL,DEPARTMENT OF LABOR,DLLS,BUREAU OF LABOR STATISTICS,SD,Retirement - Voluntary,202401,60-64,13,BACHELOR'S DEGREE,44.3,0110,ECONOMIST,01,"SOCIAL SCIENCE, PSYCHOLOGY, AND WELFARE GROUP",GS,GENERAL SCHEDULE,STEM OCCUPATIONS,SCIENCE OCCUPATIONS,8,ALL OTHER POSITIONS,10,CAREER (COMPETITIVE SERVICE PERMANENT),F,FULL-TIME,1,REDACTED,REDACTED,REDACTED,REDACTED,REDACTED,145617,13
DL,DEPARTMENT OF LABOR,DLLS,BUREAU OF LABOR STATISTICS,SC,Quit,202401,35-39,04,HIGH SCHOOL GRADUATE OR CERTIFICATE OF EQUIVALENCY,0.9,0119,ECONOMICS ASSISTANT,01,"SOCIAL SCIENCE, PSYCHOLOGY, AND WELFARE GROUP",GS,GENERAL SCHEDULE,ALL OTHER OCCUPATIONS,ALL OTHER OCCUPATIONS,8,ALL OTHER POSITIONS,15,CAREER-CONDITIONAL (COMPETITIVE SERVICE PERMANENT),P,PART-TIME,1,17,IL,ILLINOIS,US,UNITED STATES,41996,05
DL,DEPARTMENT OF LABOR,DLLS,BUREAU OF LABOR STATISTICS,SA,Transfer Out - Individual Transfer,202401,40-44,13,BACHELOR'S DEGREE,11.3,0110,ECONOMIST,01,"SOCIAL SCIENCE, PSYCHOLOGY, AND WELFARE GROUP",GS,GENERAL SCHEDULE,STEM OCCUPATIONS,SCIENCE OCCUPATIONS,8,ALL OTHER POSITIONS,10,CAREER (COMPETITIVE SERVICE PERMANENT),F,FULL-TIME,1,11,DC,DISTRICT OF COLUMBIA,US,UNITED STATES,103619,12
DN,DEPARTMENT OF ENERGY,DN00,DEPARTMENT OF ENERGY,SD,Retirement - Voluntary,202312,65 OR MORE,18,POST-MASTER'S,34.2,0110,ECONOMIST,01,"SOCIAL SCIENCE, PSYCHOLOGY, AND WELFARE GROUP",GS,GENERAL SCHEDULE,STEM OCCUPATIONS,SCIENCE OCCUPATIONS,8,ALL OTHER POSITIONS,10,CAREER (COMPETITIVE SERVICE PERMANENT),F,FULL-TIME,1,11,DC,DISTRICT OF COLUMBIA,US,UNITED STATES,183500,15
DL,DEPARTMENT OF LABOR,DLLS,BUREAU OF LABOR STATISTICS,SC,Quit,202310,65 OR MORE,17,MASTER'S DEGREE,0.5,0119,ECONOMICS ASSISTANT,01,"SOCIAL SCIENCE, PSYCHOLOGY, AND WELFARE GROUP",GS,GENERAL SCHEDULE,ALL OTHER OCCUPATIONS,ALL OTHER OCCUPATIONS,8,ALL OTHER POSITIONS,15,CAREER-CONDITIONAL (COMPETITIVE SERVICE PERMANENT),P,PART-TIME,1,34,NJ,NEW JERSEY,US,UNITED STATES,44057,05
DN,DEPARTMENT OF ENERGY,DN00,DEPARTMENT OF ENERGY,SL,Other Separation,202311,30-34,13,BACHELOR'S DEGREE,0.3,0110,ECONOMIST,01,"SOCIAL SCIENCE, PSYCHOLOGY, AND WELFARE GROUP",GS,GENERAL SCHEDULE,STEM OCCUPATIONS,SCIENCE OCCUPATIONS,8,ALL OTHER POSITIONS,15,CAREER-CONDITIONAL (COMPETITIVE SERVICE PERMANENT),F,FULL-TIME,1,41,OR,OREGON,US,UNITED STATES,61275,09
DL,DEPARTMENT OF LABOR,DLLS,BUREAU OF LABOR STATISTICS,SC,Quit,202310,20-24,09,TWO YEARS COLLEGE,1.3,0110,ECONOMIST,01,"SOCIAL SCIENCE, PSYCHOLOGY, AND WELFARE GROUP",GS,GENERAL SCHEDULE,STEM OCCUPATIONS,SCIENCE OCCUPATIONS,8,ALL OTHER POSITIONS,15,CAREER-CONDITIONAL (COMPETITIVE SERVICE PERMANENT),F,FULL-TIME,1,48,TX,TEXAS,US,UNITED STATES,70827,11
DL,DEPARTMENT OF LABOR,DLLS,BUREAU OF LABOR STATISTICS,SC,Quit,202311,50-54,04,HIGH SCHOOL GRADUATE OR CERTIFICATE OF EQUIVALENCY,1.2,0119,ECONOMICS ASSISTANT,01,"SOCIAL SCIENCE, PSYCHOLOGY, AND WELFARE GROUP",GS,GENERAL SCHEDULE,ALL OTHER OCCUPATIONS,ALL OTHER OCCUPATIONS,8,ALL OTHER POSITIONS,15,CAREER-CONDITIONAL (COMPETITIVE SERVICE PERMANENT),P,PART-TIME,1,12,FL,FLORIDA,US,UNITED STATES,38953,05
DL,DEPARTMENT OF LABOR,DLLS,BUREAU OF LABOR STATISTICS,SC,Quit,202311,45-49,04,HIGH SCHOOL GRADUATE OR CERTIFICATE OF EQUIVALENCY,2.1,0119,ECONOMICS ASSISTANT,01,"SOCIAL SCIENCE, PSYCHOLOGY, AND WELFARE GROUP",GS,GENERAL SCHEDULE,ALL OTHER OCCUPATIONS,ALL OTHER OCCUPATIONS,8,ALL OTHER POSITIONS,15,CAREER-CONDITIONAL (COMPETITIVE SERVICE PERMANENT),P,PART-TIME,1,53,WA,WASHINGTON,US,UNITED STATES,46736,06
DL,DEPARTMENT OF LABOR,DLLS,BUREAU OF LABOR STATISTICS,SC,Quit,202311,65 OR MORE,04,HIGH SCHOOL GRADUATE OR CERTIFICATE OF EQUIVALENCY,1.3,0119,ECONOMICS ASSISTANT,01,"SOCIAL SCIENCE, PSYCHOLOGY, AND WELFARE GROUP",GS,GENERAL SCHEDULE,ALL OTHER OCCUPATIONS,ALL OTHER OCCUPATIONS,8,ALL OTHER POSITIONS,15,CAREER-CONDITIONAL (COMPETITIVE SERVICE PERMANENT),P,PART-TIME,1,06,CA,CALIFORNIA,US,UNITED STATES,48655,06
DL,DEPARTMENT OF LABOR,DLLS,BUREAU OF LABOR STATISTICS,SC,Quit,202310,40-44,17,MASTER'S DEGREE,10.6,0119,ECONOMICS ASSISTANT,01,"SOCIAL SCIENCE, PSYCHOLOGY, AND WELFARE GROUP",GS,GENERAL SCHEDULE,ALL OTHER OCCUPATIONS,ALL OTHER OCCUPATIONS,8,ALL OTHER POSITIONS,10,CAREER (COMPETITIVE SERVICE PERMANENT),P,PART-TIME,1,06,CA,CALIFORNIA,US,UNITED STATES,67407,07
DL,DEPARTMENT OF LABOR,DLLS,BUREAU OF LABOR STATISTICS,SC,Quit,202310,55-59,04,HIGH SCHOOL GRADUATE OR CERTIFICATE OF EQUIVALENCY,0.0,0119,ECONOMICS ASSISTANT,01,"SOCIAL SCIENCE, PSYCHOLOGY, AND WELFARE GROUP",GS,GENERAL SCHEDULE,ALL OTHER OCCUPATIONS,ALL OTHER OCCUPATIONS,8,ALL OTHER POSITIONS,15,CAREER-CONDITIONAL (COMPETITIVE SERVICE PERMANENT),P,PART-TIME,1,32,NV,NEVADA,US,UNITED STATES,38427,05
DL,DEPARTMENT OF LABOR,DLLS,BUREAU OF LABOR STATISTICS,SC,Quit,202311,35-39,17,MASTER'S DEGREE,0.0,0119,ECONOMICS ASSISTANT,01,"SOCIAL SCIENCE, PSYCHOLOGY, AND WELFARE GROUP",GS,GENERAL SCHEDULE,ALL OTHER OCCUPATIONS,ALL OTHER OCCUPATIONS,8,ALL OTHER POSITIONS,15,CAREER-CONDITIONAL (COMPETITIVE SERVICE PERMANENT),P,PART-TIME,1,36,NY,NEW YORK,US,UNITED STATES,44057,05
DL,DEPARTMENT OF LABOR,DLLS,BUREAU OF LABOR STATISTICS,SA,Transfer Out - Individual Transfer,202311,50-54,17,MASTER'S DEGREE,0.1,0119,ECONOMICS ASSISTANT,01,"SOCIAL SCIENCE, PSYCHOLOGY, AND WELFARE GROUP",GS,GENERAL SCHEDULE,ALL OTHER OCCUPATIONS,ALL OTHER OCCUPATIONS,8,ALL OTHER POSITIONS,15,CAREER-CONDITIONAL (COMPETITIVE SERVICE PERMANENT),P,PART-TIME,1,06,CA,CALIFORNIA,US,UNITED STATES,46643,05
DL,DEPARTMENT OF LABOR,DLLS,BUREAU OF LABOR STATISTICS,SC,Quit,202310,50-54,04,HIGH SCHOOL GRADUATE OR CERTIFICATE OF EQUIVALENCY,1.0,0119,ECONOMICS ASSISTANT,01,"SOCIAL SCIENCE, PSYCHOLOGY, AND WELFARE GROUP",GS,GENERAL SCHEDULE,ALL OTHER OCCUPATIONS,ALL OTHER OCCUPATIONS,8,ALL OTHER POSITIONS,15,CAREER-CONDITIONAL (COMPETITIVE SERVICE PERMANENT),P,PART-TIME,1,12,FL,FLORIDA,US,UNITED STATES,37696,05
DL,DEPARTMENT OF LABOR,DLLS,BUREAU OF LABOR STATISTICS,SC,Quit,202312,55-59,04,HIGH SCHOOL GRADUATE OR CERTIFICATE OF EQUIVALENCY,14.4,0119,ECONOMICS ASSISTANT,01,"SOCIAL SCIENCE, PSYCHOLOGY, AND WELFARE GROUP",GS,GENERAL SCHEDULE,ALL OTHER OCCUPATIONS,ALL OTHER OCCUPATIONS,8,ALL OTHER POSITIONS,10,CAREER (COMPETITIVE SERVICE PERMANENT),P,PART-TIME,1,36,NY,NEW YORK,US,UNITED STATES,57296,06
DL,DEPARTMENT OF LABOR,DLLS,BUREAU OF LABOR STATISTICS,SC,Quit,202312,35-39,17,MASTER'S DEGREE,11.1,0110,ECONOMIST,01,"SOCIAL SCIENCE, PSYCHOLOGY, AND WELFARE GROUP",GS,GENERAL SCHEDULE,STEM OCCUPATIONS,SCIENCE OCCUPATIONS,8,ALL OTHER POSITIONS,10,CAREER (COMPETITIVE SERVICE PERMANENT),F,FULL-TIME,1,27,MN,MINNESOTA,US,UNITED STATES,121104,13
DL,DEPARTMENT OF LABOR,DLLS,BUREAU OF LABOR STATISTICS,SD,Retirement - Voluntary,202312,60-64,13,BACHELOR'S DEGREE,26.9,0110,ECONOMIST,01,"SOCIAL SCIENCE, PSYCHOLOGY, AND WELFARE GROUP",GS,GENERAL SCHEDULE,STEM OCCUPATIONS,SCIENCE OCCUPATIONS,2,SUPERVISOR OR MANAGER,10,CAREER (COMPETITIVE SERVICE PERMANENT),F,FULL-TIME,1,24,MD,MARYLAND,US,UNITED STATES,145617,13
DL,DEPARTMENT OF LABOR,DLLS,BUREAU OF LABOR STATISTICS,SD,Retirement - Voluntary,202312,65 OR MORE,13,BACHELOR'S DEGREE,41.2,0119,ECONOMICS ASSISTANT,01,"SOCIAL SCIENCE, PSYCHOLOGY, AND WELFARE GROUP",GS,GENERAL SCHEDULE,ALL OTHER OCCUPATIONS,ALL OTHER OCCUPATIONS,8,ALL OTHER POSITIONS,10,CAREER (COMPETITIVE SERVICE PERMANENT),P,PART-TIME,1,26,MI,MICHIGAN,US,UNITED STATES,66888,07
DL,DEPARTMENT OF LABOR,DLLS,BUREAU OF LABOR STATISTICS,SD,Retirement - Voluntary,202312,60-64,18,POST-MASTER'S,39.1,0110,ECONOMIST,01,"SOCIAL SCIENCE, PSYCHOLOGY, AND WELFARE GROUP",GS,GENERAL SCHEDULE,STEM OCCUPATIONS,SCIENCE OCCUPATIONS,8,ALL OTHER POSITIONS,10,CAREER (COMPETITIVE SERVICE PERMANENT),F,FULL-TIME,1,51,VA,VIRGINIA,US,UNITED STATES,122459,12
DL,DEPARTMENT OF LABOR,DLLS,BUREAU OF LABOR STATISTICS,SD,Retirement - Voluntary,202312,65 OR MORE,17,MASTER'S DEGREE,15.3,0119,ECONOMICS ASSISTANT,01,"SOCIAL SCIENCE, PSYCHOLOGY, AND WELFARE GROUP",GS,GENERAL SCHEDULE,ALL OTHER OCCUPATIONS,ALL OTHER OCCUPATIONS,8,ALL OTHER POSITIONS,10,CAREER (COMPETITIVE SERVICE PERMANENT),P,PART-TIME,1,53,WA,WASHINGTON,US,UNITED STATES,62321,07
DL,DEPARTMENT OF LABOR,DLLS,BUREAU OF LABOR STATISTICS,SC,Quit,202312,20-24,13,BACHELOR'S DEGREE,0.8,0110,ECONOMIST,01,"SOCIAL SCIENCE, PSYCHOLOGY, AND WELFARE GROUP",GS,GENERAL SCHEDULE,STEM OCCUPATIONS,SCIENCE OCCUPATIONS,8,ALL OTHER POSITIONS,35,SCHEDULE D (EXCEPTED SERVICE PERMANENT),F,FULL-TIME,1,13,GA,GEORGIA,US,UNITED STATES,49309,07
DL,DEPARTMENT OF LABOR,DLLS,BUREAU OF LABOR STATISTICS,SA,Transfer Out - Individual Transfer,202312,25-29,17,MASTER'S DEGREE,2.3,0110,ECONOMIST,01,"SOCIAL SCIENCE, PSYCHOLOGY, AND WELFARE GROUP",GS,GENERAL SCHEDULE,STEM OCCUPATIONS,SCIENCE OCCUPATIONS,8,ALL OTHER POSITIONS,15,CAREER-CONDITIONAL (COMPETITIVE SERVICE PERMANENT),F,FULL-TIME,1,51,VA,VIRGINIA,US,UNITED STATES,94199,12
DN,DEPARTMENT OF ENERGY,DN00,DEPARTMENT OF ENERGY,SA,Transfer Out - Individual Transfer,202311,35-39,13,BACHELOR'S DEGREE,8.3,0110,ECONOMIST,01,"SOCIAL SCIENCE, PSYCHOLOGY, AND WELFARE GROUP",GS,GENERAL SCHEDULE,STEM OCCUPATIONS,SCIENCE OCCUPATIONS,8,ALL OTHER POSITIONS,10,CAREER (COMPETITIVE SERVICE PERMANENT),F,FULL-TIME,1,51,VA,VIRGINIA,US,UNITED STATES,126949,13
DN,DEPARTMENT OF ENERGY,DN00,DEPARTMENT OF ENERGY,SC,Quit,202310,40-44,17,MASTER'S DEGREE,2.2,0110,ECONOMIST,01,"SOCIAL SCIENCE, PSYCHOLOGY, AND WELFARE GROUP",GS,GENERAL SCHEDULE,STEM OCCUPATIONS,SCIENCE OCCUPATIONS,8,ALL OTHER POSITIONS,10,CAREER (COMPETITIVE SERVICE PERMANENT),F,FULL-TIME,1,24,MD,MARYLAND,US,UNITED STATES,126949,13
DN,DEPARTMENT OF ENERGY,DN00,DEPARTMENT OF ENERGY,SA,Transfer Out - Individual Transfer,202311,35-39,17,MASTER'S DEGREE,7.4,0110,ECONOMIST,01,"SOCIAL SCIENCE, PSYCHOLOGY, AND WELFARE GROUP",GS,GENERAL SCHEDULE,STEM OCCUPATIONS,SCIENCE OCCUPATIONS,8,ALL OTHER POSITIONS,10,CAREER (COMPETITIVE SERVICE PERMANENT),F,FULL-TIME,1,11,DC,DISTRICT OF COLUMBIA,US,UNITED STATES,145604,14
DL,DEPARTMENT OF LABOR,DLLS,BUREAU OF LABOR STATISTICS,SC,Quit,202312,30-34,04,HIGH SCHOOL GRADUATE OR CERTIFICATE OF EQUIVALENCY,1.2,0119,ECONOMICS ASSISTANT,01,"SOCIAL SCIENCE, PSYCHOLOGY, AND WELFARE GROUP",GS,GENERAL SCHEDULE,ALL OTHER OCCUPATIONS,ALL OTHER OCCUPATIONS,8,ALL OTHER POSITIONS,15,CAREER-CONDITIONAL (COMPETITIVE SERVICE PERMANENT),P,PART-TIME,1,11,DC,DISTRICT OF COLUMBIA,US,UNITED STATES,44299,05
DL,DEPARTMENT OF LABOR,DLPE,OFFICE OF THE ASSISTANT SECRETARY FOR POLICY,SD,Retirement - Voluntary,202312,60-64,17,MASTER'S DEGREE,39.0,0110,ECONOMIST,01,"SOCIAL SCIENCE, PSYCHOLOGY, AND WELFARE GROUP",GS,GENERAL SCHEDULE,STEM OCCUPATIONS,SCIENCE OCCUPATIONS,8,ALL OTHER POSITIONS,10,CAREER (COMPETITIVE SERVICE PERMANENT),F,FULL-TIME,1,11,DC,DISTRICT OF COLUMBIA,US,UNITED STATES,172075,14
DL,DEPARTMENT OF LABOR,DLLS,BUREAU OF LABOR STATISTICS,SD,Retirement - Voluntary,202312,65 OR MORE,04,HIGH SCHOOL GRADUATE OR CERTIFICATE OF EQUIVALENCY,10.7,0119,ECONOMICS ASSISTANT,01,"SOCIAL SCIENCE, PSYCHOLOGY, AND WELFARE GROUP",GS,GENERAL SCHEDULE,ALL OTHER OCCUPATIONS,ALL OTHER OCCUPATIONS,8,ALL OTHER POSITIONS,10,CAREER (COMPETITIVE SERVICE PERMANENT),P,PART-TIME,1,12,FL,FLORIDA,US,UNITED STATES,54478,07
DL,DEPARTMENT OF LABOR,DLLS,BUREAU OF LABOR STATISTICS,SJ,Termination (Expired Appt/Other),202312,65 OR MORE,04,HIGH SCHOOL GRADUATE OR CERTIFICATE OF EQUIVALENCY,29.0,0119,ECONOMICS ASSISTANT,01,"SOCIAL SCIENCE, PSYCHOLOGY, AND WELFARE GROUP",GS,GENERAL SCHEDULE,ALL OTHER OCCUPATIONS,ALL OTHER OCCUPATIONS,8,ALL OTHER POSITIONS,10,CAREER (COMPETITIVE SERVICE PERMANENT),P,PART-TIME,1,49,UT,UTAH,US,UNITED STATES,59147,07
DL,DEPARTMENT OF LABOR,DLLS,BUREAU OF LABOR STATISTICS,SA,Transfer Out - Individual Transfer,202312,20-24,04,HIGH SCHOOL GRADUATE OR CERTIFICATE OF EQUIVALENCY,0.4,0110,ECONOMIST,01,"SOCIAL SCIENCE, PSYCHOLOGY, AND WELFARE GROUP",GS,GENERAL SCHEDULE,STEM OCCUPATIONS,SCIENCE OCCUPATIONS,8,ALL OTHER POSITIONS,15,CAREER-CONDITIONAL (COMPETITIVE SERVICE PERMANENT),F,FULL-TIME,1,11,DC,DISTRICT OF COLUMBIA,US,UNITED STATES,64957,09
DL,DEPARTMENT OF LABOR,DLLS,BUREAU OF LABOR STATISTICS,SC,Quit,202312,20-24,13,BACHELOR'S DEGREE,1.3,0110,ECONOMIST,01,"SOCIAL SCIENCE, PSYCHOLOGY, AND WELFARE GROUP",GS,GENERAL SCHEDULE,STEM OCCUPATIONS,SCIENCE OCCUPATIONS,8,ALL OTHER POSITIONS,15,CAREER-CONDITIONAL (COMPETITIVE SERVICE PERMANENT),F,FULL-TIME,1,29,MO,MISSOURI,US,UNITED STATES,48948,07
DL,DEPARTMENT OF LABOR,DLLS,BUREAU OF LABOR STATISTICS,SL,Other Separation,202312,20-24,04,HIGH SCHOOL GRADUATE OR CERTIFICATE OF EQUIVALENCY,0.6,0119,ECONOMICS ASSISTANT,01,"SOCIAL SCIENCE, PSYCHOLOGY, AND WELFARE GROUP",GS,GENERAL SCHEDULE,ALL OTHER OCCUPATIONS,ALL OTHER OCCUPATIONS,8,ALL OTHER POSITIONS,15,CAREER-CONDITIONAL (COMPETITIVE SERVICE PERMANENT),P,PART-TIME,1,11,DC,DISTRICT OF COLUMBIA,US,UNITED STATES,42870,05
DL,DEPARTMENT OF LABOR,DLLS,BUREAU OF LABOR STATISTICS,SC,Quit,202312,20-24,13,BACHELOR'S DEGREE,1.6,0110,ECONOMIST,01,"SOCIAL SCIENCE, PSYCHOLOGY, AND WELFARE GROUP",GS,GENERAL SCHEDULE,STEM OCCUPATIONS,SCIENCE OCCUPATIONS,8,ALL OTHER POSITIONS,15,CAREER-CONDITIONAL (COMPETITIVE SERVICE PERMANENT),F,FULL-TIME,1,42,PA,PENNSYLVANIA,US,UNITED STATES,62677,09
FC,FEDERAL COMMUNICATIONS COMMISSION,FC00,FEDERAL COMMUNICATIONS COMMISSION,SD,Retirement - Voluntary,202312,65 OR MORE,21,DOCTORATE DEGREE,29.0,0110,ECONOMIST,01,"SOCIAL SCIENCE, PSYCHOLOGY, AND WELFARE GROUP",GS,GENERAL SCHEDULE,STEM OCCUPATIONS,SCIENCE OCCUPATIONS,8,ALL OTHER POSITIONS,10,CAREER (COMPETITIVE SERVICE PERMANENT),F,FULL-TIME,1,11,DC,DISTRICT OF COLUMBIA,US,UNITED STATES,183500,15
EP,ENVIRONMENTAL PROTECTION AGENCY,EP00,ENVIRONMENTAL PROTECTION AGENCY,SC,Quit,202401,45-49,22,POST-DOCTORATE,20.3,0110,ECONOMIST,01,"SOCIAL SCIENCE, PSYCHOLOGY, AND WELFARE GROUP",GS,GENERAL SCHEDULE,STEM OCCUPATIONS,SCIENCE OCCUPATIONS,2,SUPERVISOR OR MANAGER,10,CAREER (COMPETITIVE SERVICE PERMANENT),F,FULL-TIME,1,11,DC,DISTRICT OF COLUMBIA,US,UNITED STATES,183500,15
EP,ENVIRONMENTAL PROTECTION AGENCY,EP00,ENVIRONMENTAL PROTECTION AGENCY,SD,Retirement - Voluntary,202312,65 OR MORE,21,DOCTORATE DEGREE,33.8,0110,ECONOMIST,01,"SOCIAL SCIENCE, PSYCHOLOGY, AND WELFARE GROUP",GS,GENERAL SCHEDULE,STEM OCCUPATIONS,SCIENCE OCCUPATIONS,8,ALL OTHER POSITIONS,10,CAREER (COMPETITIVE SERVICE PERMANENT),F,FULL-TIME,1,11,DC,DISTRICT OF COLUMBIA,US,UNITED STATES,183500,15
DJ,DEPARTMENT OF JUSTICE,DJ01,"OFFICES, BOARDS AND DIVISIONS",SC,Quit,202312,45-49,21,DOCTORATE DEGREE,20.1,0110,ECONOMIST,01,"SOCIAL SCIENCE, PSYCHOLOGY, AND WELFARE GROUP",GS,GENERAL SCHEDULE,STEM OCCUPATIONS,SCIENCE OCCUPATIONS,2,SUPERVISOR OR MANAGER,10,CAREER (COMPETITIVE SERVICE PERMANENT),F,FULL-TIME,1,11,DC,DISTRICT OF COLUMBIA,US,UNITED STATES,183500,15
SE,SECURITIES AND EXCHANGE COMMISSION,SE00,SECURITIES AND EXCHANGE COMMISSION,SC,Quit,202312,40-44,21,DOCTORATE DEGREE,4.0,0110,ECONOMIST,01,"SOCIAL SCIENCE, PSYCHOLOGY, AND WELFARE GROUP",SK,NON-SUPERVISORY POSITIONS EMPLOYED BY THE SECURITIES AND EXCHANGE COMMISSION (SEC) AND FORMERLY UNDER GS PAY,STEM OCCUPATIONS,SCIENCE OCCUPATIONS,8,ALL OTHER POSITIONS,15,CAREER-CONDITIONAL (COMPETITIVE SERVICE PERMANENT),F,FULL-TIME,1,11,DC,DISTRICT OF COLUMBIA,US,UNITED STATES,222178,14
TD,DEPARTMENT OF TRANSPORTATION,TD05,FEDERAL RAILROAD ADMINISTRATION,SA,Transfer Out - Individual Transfer,202403,30-34,17,MASTER'S DEGREE,3.3,0110,ECONOMIST,01,"SOCIAL SCIENCE, PSYCHOLOGY, AND WELFARE GROUP",GS,GENERAL SCHEDULE,STEM OCCUPATIONS,SCIENCE OCCUPATIONS,8,ALL OTHER POSITIONS,10,CAREER (COMPETITIVE SERVICE PERMANENT),F,FULL-TIME,1,11,DC,DISTRICT OF COLUMBIA,US,UNITED STATES,121894,13
SB,SMALL BUSINESS ADMINISTRATION,SB00,SMALL BUSINESS ADMINISTRATION,SA,Transfer Out - Individual Transfer,202403,35-39,17,MASTER'S DEGREE,13.8,0110,ECONOMIST,01,"SOCIAL SCIENCE, PSYCHOLOGY, AND WELFARE GROUP",GS,GENERAL SCHEDULE,STEM OCCUPATIONS,SCIENCE OCCUPATIONS,8,ALL OTHER POSITIONS,10,CAREER (COMPETITIVE SERVICE PERMANENT),F,FULL-TIME,1,11,DC,DISTRICT OF COLUMBIA,US,UNITED STATES,148689,14
SZ,SOCIAL SECURITY ADMINISTRATION,SZ00,SOCIAL SECURITY ADMINISTRATION,SG,Retirement - Other,202402,50-54,18,POST-MASTER'S,25.6,0110,ECONOMIST,01,"SOCIAL SCIENCE, PSYCHOLOGY, AND WELFARE GROUP",GS,GENERAL SCHEDULE,STEM OCCUPATIONS,SCIENCE OCCUPATIONS,8,ALL OTHER POSITIONS,10,CAREER (COMPETITIVE SERVICE PERMANENT),F,FULL-TIME,1,24,MD,MARYLAND,US,UNITED STATES,153354,13
SZ,SOCIAL SECURITY ADMINISTRATION,SZ00,SOCIAL SECURITY ADMINISTRATION,SD,Retirement - Voluntary,202403,60-64,17,MASTER'S DEGREE,34.1,0110,ECONOMIST,01,"SOCIAL SCIENCE, PSYCHOLOGY, AND WELFARE GROUP",GS,GENERAL SCHEDULE,STEM OCCUPATIONS,SCIENCE OCCUPATIONS,8,ALL OTHER POSITIONS,10,CAREER (COMPETITIVE SERVICE PERMANENT),F,FULL-TIME,1,11,DC,DISTRICT OF COLUMBIA,US,UNITED STATES,181216,14
TC,U.S. INTERNATIONAL TRADE COMMISSION,TC00,U.S. INTERNATIONAL TRADE COMMISSION,SD,Retirement - Voluntary,202312,65 OR MORE,21,DOCTORATE DEGREE,33.3,0110,ECONOMIST,01,"SOCIAL SCIENCE, PSYCHOLOGY, AND WELFARE GROUP",GS,GENERAL SCHEDULE,STEM OCCUPATIONS,SCIENCE OCCUPATIONS,2,SUPERVISOR OR MANAGER,10,CAREER (COMPETITIVE SERVICE PERMANENT),F,FULL-TIME,1,11,DC,DISTRICT OF COLUMBIA,US,UNITED STATES,183500,15
TC,U.S. INTERNATIONAL TRADE COMMISSION,TC00,U.S. INTERNATIONAL TRADE COMMISSION,SC,Quit,202310,35-39,17,MASTER'S DEGREE,7.4,0110,ECONOMIST,01,"SOCIAL SCIENCE, PSYCHOLOGY, AND WELFARE GROUP",GS,GENERAL SCHEDULE,STEM OCCUPATIONS,SCIENCE OCCUPATIONS,8,ALL OTHER POSITIONS,10,CAREER (COMPETITIVE SERVICE PERMANENT),F,FULL-TIME,1,11,DC,DISTRICT OF COLUMBIA,US,UNITED STATES,145617,13
TC,U.S. INTERNATIONAL TRADE COMMISSION,TC00,U.S. INTERNATIONAL TRADE COMMISSION,SC,Quit,202312,45-49,17,MASTER'S DEGREE,11.4,0110,ECONOMIST,01,"SOCIAL SCIENCE, PSYCHOLOGY, AND WELFARE GROUP",GS,GENERAL SCHEDULE,STEM OCCUPATIONS,SCIENCE OCCUPATIONS,8,ALL OTHER POSITIONS,10,CAREER (COMPETITIVE SERVICE PERMANENT),F,FULL-TIME,1,11,DC,DISTRICT OF COLUMBIA,US,UNITED STATES,145604,14
SK,CONSUMER PRODUCT SAFETY COMMISSION,SK00,CONSUMER PRODUCT SAFETY COMMISSION,SA,Transfer Out - Individual Transfer,202311,30-34,17,MASTER'S DEGREE,4.8,0110,ECONOMIST,01,"SOCIAL SCIENCE, PSYCHOLOGY, AND WELFARE GROUP",GS,GENERAL SCHEDULE,STEM OCCUPATIONS,SCIENCE OCCUPATIONS,8,ALL OTHER POSITIONS,10,CAREER (COMPETITIVE SERVICE PERMANENT),F,FULL-TIME,1,24,MD,MARYLAND,US,UNITED STATES,115749,13
ST,DEPARTMENT OF STATE,ST00,DEPARTMENT OF STATE,SA,Transfer Out - Individual Transfer,202311,35-39,17,MASTER'S DEGREE,4.8,0110,ECONOMIST,01,"SOCIAL SCIENCE, PSYCHOLOGY, AND WELFARE GROUP",GS,GENERAL SCHEDULE,STEM OCCUPATIONS,SCIENCE OCCUPATIONS,8,ALL OTHER POSITIONS,15,CAREER-CONDITIONAL (COMPETITIVE SERVICE PERMANENT),F,FULL-TIME,1,11,DC,DISTRICT OF COLUMBIA,US,UNITED STATES,145604,14
DL,DEPARTMENT OF LABOR,DLLS,BUREAU OF LABOR STATISTICS,SD,Retirement - Voluntary,202402,65 OR MORE,13,BACHELOR'S DEGREE,25.0,0119,ECONOMICS ASSISTANT,01,"SOCIAL SCIENCE, PSYCHOLOGY, AND WELFARE GROUP",GS,GENERAL SCHEDULE,ALL OTHER OCCUPATIONS,ALL OTHER OCCUPATIONS,8,ALL OTHER POSITIONS,10,CAREER (COMPETITIVE SERVICE PERMANENT),P,PART-TIME,1,12,FL,FLORIDA,US,UNITED STATES,67880,07
DL,DEPARTMENT OF LABOR,DLLS,BUREAU OF LABOR STATISTICS,SD,Retirement - Voluntary,202402,60-64,17,MASTER'S DEGREE,17.3,0119,ECONOMICS ASSISTANT,01,"SOCIAL SCIENCE, PSYCHOLOGY, AND WELFARE GROUP",GS,GENERAL SCHEDULE,ALL OTHER OCCUPATIONS,ALL OTHER OCCUPATIONS,8,ALL OTHER POSITIONS,10,CAREER (COMPETITIVE SERVICE PERMANENT),P,PART-TIME,1,12,FL,FLORIDA,US,UNITED STATES,62658,07
DJ,DEPARTMENT OF JUSTICE,DJ01,"OFFICES, BOARDS AND DIVISIONS",SE,Retirement - Early Out,202403,55-59,21,DOCTORATE DEGREE,25.6,0110,ECONOMIST,01,"SOCIAL SCIENCE, PSYCHOLOGY, AND WELFARE GROUP",GS,GENERAL SCHEDULE,STEM OCCUPATIONS,SCIENCE OCCUPATIONS,2,SUPERVISOR OR MANAGER,10,CAREER (COMPETITIVE SERVICE PERMANENT),F,FULL-TIME,1,11,DC,DISTRICT OF COLUMBIA,US,UNITED STATES,191900,15
DJ,DEPARTMENT OF JUSTICE,DJ01,"OFFICES, BOARDS AND DIVISIONS",SE,Retirement - Early Out,202403,55-59,21,DOCTORATE DEGREE,22.6,0110,ECONOMIST,01,"SOCIAL SCIENCE, PSYCHOLOGY, AND WELFARE GROUP",GS,GENERAL SCHEDULE,STEM OCCUPATIONS,SCIENCE OCCUPATIONS,8,ALL OTHER POSITIONS,10,CAREER (COMPETITIVE SERVICE PERMANENT),F,FULL-TIME,1,11,DC,DISTRICT OF COLUMBIA,US,UNITED STATES,191900,15
DJ,DEPARTMENT OF JUSTICE,DJ01,"OFFICES, BOARDS AND DIVISIONS",SE,Retirement - Early Out,202403,55-59,21,DOCTORATE DEGREE,27.6,0110,ECONOMIST,01,"SOCIAL SCIENCE, PSYCHOLOGY, AND WELFARE GROUP",GS,GENERAL SCHEDULE,STEM OCCUPATIONS,SCIENCE OCCUPATIONS,8,ALL OTHER POSITIONS,10,CAREER (COMPETITIVE SERVICE PERMANENT),F,FULL-TIME,1,11,DC,DISTRICT OF COLUMBIA,US,UNITED STATES,191900,15
DN,DEPARTMENT OF ENERGY,DN00,DEPARTMENT OF ENERGY,SD,Retirement - Voluntary,202401,65 OR MORE,21,DOCTORATE DEGREE,32.4,0110,ECONOMIST,01,"SOCIAL SCIENCE, PSYCHOLOGY, AND WELFARE GROUP",GS,GENERAL SCHEDULE,STEM OCCUPATIONS,SCIENCE OCCUPATIONS,8,ALL OTHER POSITIONS,10,CAREER (COMPETITIVE SERVICE PERMANENT),F,FULL-TIME,1,11,DC,DISTRICT OF COLUMBIA,US,UNITED STATES,191900,15
DL,DEPARTMENT OF LABOR,DLLS,BUREAU OF LABOR STATISTICS,SA,Transfer Out - Individual Transfer,202402,35-39,04,HIGH SCHOOL GRADUATE OR CERTIFICATE OF EQUIVALENCY,5.6,0119,ECONOMICS ASSISTANT,01,"SOCIAL SCIENCE, PSYCHOLOGY, AND WELFARE GROUP",GS,GENERAL SCHEDULE,ALL OTHER OCCUPATIONS,ALL OTHER OCCUPATIONS,8,ALL OTHER POSITIONS,10,CAREER (COMPETITIVE SERVICE PERMANENT),P,PART-TIME,1,34,NJ,NEW JERSEY,US,UNITED STATES,57012,06
DL,DEPARTMENT OF LABOR,DLLS,BUREAU OF LABOR STATISTICS,SD,Retirement - Voluntary,202401,55-59,17,MASTER'S DEGREE,32.9,0110,ECONOMIST,01,"SOCIAL SCIENCE, PSYCHOLOGY, AND WELFARE GROUP",GS,GENERAL SCHEDULE,STEM OCCUPATIONS,SCIENCE OCCUPATIONS,2,SUPERVISOR OR MANAGER,10,CAREER (COMPETITIVE SERVICE PERMANENT),F,FULL-TIME,1,11,DC,DISTRICT OF COLUMBIA,US,UNITED STATES,191900,15
DN,DEPARTMENT OF ENERGY,DNFE,FEDERAL ENERGY REGULATORY COMMISSION,SD,Retirement - Voluntary,202402,65 OR MORE,15,FIRST PROFESSIONAL,36.3,0110,ECONOMIST,01,"SOCIAL SCIENCE, PSYCHOLOGY, AND WELFARE GROUP",GS,GENERAL SCHEDULE,STEM OCCUPATIONS,SCIENCE OCCUPATIONS,8,ALL OTHER POSITIONS,10,CAREER (COMPETITIVE SERVICE PERMANENT),F,FULL-TIME,1,11,DC,DISTRICT OF COLUMBIA,US,UNITED STATES,181216,14
DL,DEPARTMENT OF LABOR,DLLS,BUREAU OF LABOR STATISTICS,SD,Retirement - Voluntary,202403,60-64,13,BACHELOR'S DEGREE,17.8,0119,ECONOMICS ASSISTANT,01,"SOCIAL SCIENCE, PSYCHOLOGY, AND WELFARE GROUP",GS,GENERAL SCHEDULE,ALL OTHER OCCUPATIONS,ALL OTHER OCCUPATIONS,8,ALL OTHER POSITIONS,10,CAREER (COMPETITIVE SERVICE PERMANENT),P,PART-TIME,1,06,CA,CALIFORNIA,US,UNITED STATES,75263,07
DL,DEPARTMENT OF LABOR,DLLS,BUREAU OF LABOR STATISTICS,SA,Transfer Out - Individual Transfer,202401,50-54,13,BACHELOR'S DEGREE,22.7,0110,ECONOMIST,01,"SOCIAL SCIENCE, PSYCHOLOGY, AND WELFARE GROUP",GS,GENERAL SCHEDULE,STEM OCCUPATIONS,SCIENCE OCCUPATIONS,2,SUPERVISOR OR MANAGER,10,CAREER (COMPETITIVE SERVICE PERMANENT),F,FULL-TIME,1,41,OR,OREGON,US,UNITED STATES,148972,14
DL,DEPARTMENT OF LABOR,DLLS,BUREAU OF LABOR STATISTICS,SC,Quit,202402,60-64,21,DOCTORATE DEGREE,0.7,0119,ECONOMICS ASSISTANT,01,"SOCIAL SCIENCE, PSYCHOLOGY, AND WELFARE GROUP",GS,GENERAL SCHEDULE,ALL OTHER OCCUPATIONS,ALL OTHER OCCUPATIONS,8,ALL OTHER POSITIONS,15,CAREER-CONDITIONAL (COMPETITIVE SERVICE PERMANENT),P,PART-TIME,1,06,CA,CALIFORNIA,US,UNITED STATES,59823,05
DL,DEPARTMENT OF LABOR,DLLS,BUREAU OF LABOR STATISTICS,SC,Quit,202401,40-44,04,HIGH SCHOOL GRADUATE OR CERTIFICATE OF EQUIVALENCY,2.3,0119,ECONOMICS ASSISTANT,01,"SOCIAL SCIENCE, PSYCHOLOGY, AND WELFARE GROUP",GS,GENERAL SCHEDULE,ALL OTHER OCCUPATIONS,ALL OTHER OCCUPATIONS,8,ALL OTHER POSITIONS,15,CAREER-CONDITIONAL (COMPETITIVE SERVICE PERMANENT),P,PART-TIME,1,06,CA,CALIFORNIA,US,UNITED STATES,66692,06
DL,DEPARTMENT OF LABOR,DLEH,OFFICE OF DISABILITY EMPLOYMENT POLICY,SA,Transfer Out - Individual Transfer,202403,50-54,21,DOCTORATE DEGREE,9.8,0110,ECONOMIST,01,"SOCIAL SCIENCE, PSYCHOLOGY, AND WELFARE GROUP",GS,GENERAL SCHEDULE,STEM OCCUPATIONS,SCIENCE OCCUPATIONS,8,ALL OTHER POSITIONS,10,CAREER (COMPETITIVE SERVICE PERMANENT),F,FULL-TIME,1,11,DC,DISTRICT OF COLUMBIA,US,UNITED STATES,162629,14
DL,DEPARTMENT OF LABOR,DLLS,BUREAU OF LABOR STATISTICS,SD,Retirement - Voluntary,202401,55-59,13,BACHELOR'S DEGREE,26.4,0119,ECONOMICS ASSISTANT,01,"SOCIAL SCIENCE, PSYCHOLOGY, AND WELFARE GROUP",GS,GENERAL SCHEDULE,ALL OTHER OCCUPATIONS,ALL OTHER OCCUPATIONS,8,ALL OTHER POSITIONS,10,CAREER (COMPETITIVE SERVICE PERMANENT),P,PART-TIME,1,39,OH,OHIO,US,UNITED STATES,66390,07
DL,DEPARTMENT OF LABOR,DLLS,BUREAU OF LABOR STATISTICS,SD,Retirement - Voluntary,202402,60-64,13,BACHELOR'S DEGREE,29.3,0110,ECONOMIST,01,"SOCIAL SCIENCE, PSYCHOLOGY, AND WELFARE GROUP",GS,GENERAL SCHEDULE,STEM OCCUPATIONS,SCIENCE OCCUPATIONS,4,SUPERVISOR (CSRA),10,CAREER (COMPETITIVE SERVICE PERMANENT),F,FULL-TIME,1,13,GA,GEORGIA,US,UNITED STATES,138422,13
DL,DEPARTMENT OF LABOR,DLLS,BUREAU OF LABOR STATISTICS,SC,Quit,202401,25-29,17,MASTER'S DEGREE,1.5,0110,ECONOMIST,01,"SOCIAL SCIENCE, PSYCHOLOGY, AND WELFARE GROUP",GS,GENERAL SCHEDULE,STEM OCCUPATIONS,SCIENCE OCCUPATIONS,8,ALL OTHER POSITIONS,15,CAREER-CONDITIONAL (COMPETITIVE SERVICE PERMANENT),F,FULL-TIME,1,48,TX,TEXAS,US,UNITED STATES,69154,09
DL,DEPARTMENT OF LABOR,DLLS,BUREAU OF LABOR STATISTICS,SA,Transfer Out - Individual Transfer,202403,30-34,13,BACHELOR'S DEGREE,0.8,0119,ECONOMICS ASSISTANT,01,"SOCIAL SCIENCE, PSYCHOLOGY, AND WELFARE GROUP",GS,GENERAL SCHEDULE,ALL OTHER OCCUPATIONS,ALL OTHER OCCUPATIONS,8,ALL OTHER POSITIONS,15,CAREER-CONDITIONAL (COMPETITIVE SERVICE PERMANENT),P,PART-TIME,1,11,DC,DISTRICT OF COLUMBIA,US,UNITED STATES,45146,05
DL,DEPARTMENT OF LABOR,DLLS,BUREAU OF LABOR STATISTICS,SC,Quit,202402,20-24,13,BACHELOR'S DEGREE,1.0,0110,ECONOMIST,01,"SOCIAL SCIENCE, PSYCHOLOGY, AND WELFARE GROUP",GS,GENERAL SCHEDULE,STEM OCCUPATIONS,SCIENCE OCCUPATIONS,8,ALL OTHER POSITIONS,15,CAREER-CONDITIONAL (COMPETITIVE SERVICE PERMANENT),F,FULL-TIME,1,06,CA,CALIFORNIA,US,UNITED STATES,58907,07
DL,DEPARTMENT OF LABOR,DLLS,BUREAU OF LABOR STATISTICS,SA,Transfer Out - Individual Transfer,202403,35-39,04,HIGH SCHOOL GRADUATE OR CERTIFICATE OF EQUIVALENCY,0.9,0119,ECONOMICS ASSISTANT,01,"SOCIAL SCIENCE, PSYCHOLOGY, AND WELFARE GROUP",GS,GENERAL SCHEDULE,ALL OTHER OCCUPATIONS,ALL OTHER OCCUPATIONS,8,ALL OTHER POSITIONS,15,CAREER-CONDITIONAL (COMPETITIVE SERVICE PERMANENT),P,PART-TIME,1,11,DC,DISTRICT OF COLUMBIA,US,UNITED STATES,45146,05
DL,DEPARTMENT OF LABOR,DLLS,BUREAU OF LABOR STATISTICS,SC,Quit,202403,65 OR MORE,04,HIGH SCHOOL GRADUATE OR CERTIFICATE OF EQUIVALENCY,4.1,0119,ECONOMICS ASSISTANT,01,"SOCIAL SCIENCE, PSYCHOLOGY, AND WELFARE GROUP",GS,GENERAL SCHEDULE,ALL OTHER OCCUPATIONS,ALL OTHER OCCUPATIONS,8,ALL OTHER POSITIONS,10,CAREER (COMPETITIVE SERVICE PERMANENT),P,PART-TIME,1,36,NY,NEW YORK,US,UNITED STATES,43730,05
DL,DEPARTMENT OF LABOR,DLLS,BUREAU OF LABOR STATISTICS,SC,Quit,202403,55-59,13,BACHELOR'S DEGREE,0.0,0119,ECONOMICS ASSISTANT,01,"SOCIAL SCIENCE, PSYCHOLOGY, AND WELFARE GROUP",GS,GENERAL SCHEDULE,ALL OTHER OCCUPATIONS,ALL OTHER OCCUPATIONS,8,ALL OTHER POSITIONS,15,CAREER-CONDITIONAL (COMPETITIVE SERVICE PERMANENT),P,PART-TIME,1,36,NY,NEW YORK,US,UNITED STATES,41328,05
DL,DEPARTMENT OF LABOR,DLLS,BUREAU OF LABOR STATISTICS,SC,Quit,202403,65 OR MORE,17,MASTER'S DEGREE,0.2,0119,ECONOMICS ASSISTANT,01,"SOCIAL SCIENCE, PSYCHOLOGY, AND WELFARE GROUP",GS,GENERAL SCHEDULE,ALL OTHER OCCUPATIONS,ALL OTHER OCCUPATIONS,8,ALL OTHER POSITIONS,15,CAREER-CONDITIONAL (COMPETITIVE SERVICE PERMANENT),P,PART-TIME,1,39,OH,OHIO,US,UNITED STATES,42407,05
DL,DEPARTMENT OF LABOR,DLLS,BUREAU OF LABOR STATISTICS,SC,Quit,202403,50-54,11,THREE YEARS COLLEGE,0.0,0119,ECONOMICS ASSISTANT,01,"SOCIAL SCIENCE, PSYCHOLOGY, AND WELFARE GROUP",GS,GENERAL SCHEDULE,ALL OTHER OCCUPATIONS,ALL OTHER OCCUPATIONS,8,ALL OTHER POSITIONS,15,CAREER-CONDITIONAL (COMPETITIVE SERVICE PERMANENT),P,PART-TIME,1,12,FL,FLORIDA,US,UNITED STATES,39576,05
DL,DEPARTMENT OF LABOR,DLLS,BUREAU OF LABOR STATISTICS,SA,Transfer Out - Individual Transfer,202402,30-34,04,HIGH SCHOOL GRADUATE OR CERTIFICATE OF EQUIVALENCY,0.3,0119,ECONOMICS ASSISTANT,01,"SOCIAL SCIENCE, PSYCHOLOGY, AND WELFARE GROUP",GS,GENERAL SCHEDULE,ALL OTHER OCCUPATIONS,ALL OTHER OCCUPATIONS,8,ALL OTHER POSITIONS,15,CAREER-CONDITIONAL (COMPETITIVE SERVICE PERMANENT),P,PART-TIME,1,04,AZ,ARIZONA,US,UNITED STATES,39576,05
DL,DEPARTMENT OF LABOR,DLOF,OFFICE OF FEDERAL CONTRACT COMPLIANCE PROGRAMS,SA,Transfer Out - Individual Transfer,202402,45-49,17,MASTER'S DEGREE,8.3,0110,ECONOMIST,01,"SOCIAL SCIENCE, PSYCHOLOGY, AND WELFARE GROUP",GS,GENERAL SCHEDULE,STEM OCCUPATIONS,SCIENCE OCCUPATIONS,8,ALL OTHER POSITIONS,10,CAREER (COMPETITIVE SERVICE PERMANENT),F,FULL-TIME,1,24,MD,MARYLAND,US,UNITED STATES,167276,14
DL,DEPARTMENT OF LABOR,DLLS,BUREAU OF LABOR STATISTICS,SC,Quit,202402,25-29,13,BACHELOR'S DEGREE,2.5,0110,ECONOMIST,01,"SOCIAL SCIENCE, PSYCHOLOGY, AND WELFARE GROUP",GS,GENERAL SCHEDULE,STEM OCCUPATIONS,SCIENCE OCCUPATIONS,8,ALL OTHER POSITIONS,15,CAREER-CONDITIONAL (COMPETITIVE SERVICE PERMANENT),F,FULL-TIME,1,26,MI,MICHIGAN,US,UNITED STATES,80006,11
DL,DEPARTMENT OF LABOR,DLLS,BUREAU OF LABOR STATISTICS,SA,Transfer Out - Individual Transfer,202401,35-39,13,BACHELOR'S DEGREE,15.3,0110,ECONOMIST,01,"SOCIAL SCIENCE, PSYCHOLOGY, AND WELFARE GROUP",GS,GENERAL SCHEDULE,STEM OCCUPATIONS,SCIENCE OCCUPATIONS,2,SUPERVISOR OR MANAGER,10,CAREER (COMPETITIVE SERVICE PERMANENT),F,FULL-TIME,1,36,NY,NEW YORK,US,UNITED STATES,162701,14
DL,DEPARTMENT OF LABOR,DLLS,BUREAU OF LABOR STATISTICS,SD,Retirement - Voluntary,202401,55-59,17,MASTER'S DEGREE,34.4,0110,ECONOMIST,01,"SOCIAL SCIENCE, PSYCHOLOGY, AND WELFARE GROUP",GS,GENERAL SCHEDULE,STEM OCCUPATIONS,SCIENCE OCCUPATIONS,8,ALL OTHER POSITIONS,10,CAREER (COMPETITIVE SERVICE PERMANENT),P,PART-TIME,1,51,VA,VIRGINIA,US,UNITED STATES,181216,14
DL,DEPARTMENT OF LABOR,DLLS,BUREAU OF LABOR STATISTICS,SA,Transfer Out - Individual Transfer,202401,40-44,13,BACHELOR'S DEGREE,17.7,0110,ECONOMIST,01,"SOCIAL SCIENCE, PSYCHOLOGY, AND WELFARE GROUP",GS,GENERAL SCHEDULE,STEM OCCUPATIONS,SCIENCE OCCUPATIONS,2,SUPERVISOR OR MANAGER,10,CAREER (COMPETITIVE SERVICE PERMANENT),F,FULL-TIME,1,17,IL,ILLINOIS,US,UNITED STATES,138529,13
DL,DEPARTMENT OF LABOR,DLLS,BUREAU OF LABOR STATISTICS,SC,Quit,202402,20-24,13,BACHELOR'S DEGREE,0.4,0110,ECONOMIST,01,"SOCIAL SCIENCE, PSYCHOLOGY, AND WELFARE GROUP",GS,GENERAL SCHEDULE,STEM OCCUPATIONS,SCIENCE OCCUPATIONS,8,ALL OTHER POSITIONS,15,CAREER-CONDITIONAL (COMPETITIVE SERVICE PERMANENT),F,FULL-TIME,1,13,GA,GEORGIA,US,UNITED STATES,51807,07
DL,DEPARTMENT OF LABOR,DLLS,BUREAU OF LABOR STATISTICS,SC,Quit,202403,45-49,10,ASSOCIATE DEGREE,1.1,0119,ECONOMICS ASSISTANT,01,"SOCIAL SCIENCE, PSYCHOLOGY, AND WELFARE GROUP",GS,GENERAL SCHEDULE,ALL OTHER OCCUPATIONS,ALL OTHER OCCUPATIONS,8,ALL OTHER POSITIONS,15,CAREER-CONDITIONAL (COMPETITIVE SERVICE PERMANENT),P,PART-TIME,1,06,CA,CALIFORNIA,US,UNITED STATES,47554,05
DL,DEPARTMENT OF LABOR,DLLS,BUREAU OF LABOR STATISTICS,SC,Quit,202403,30-34,17,MASTER'S DEGREE,0.8,0119,ECONOMICS ASSISTANT,01,"SOCIAL SCIENCE, PSYCHOLOGY, AND WELFARE GROUP",GS,GENERAL SCHEDULE,ALL OTHER OCCUPATIONS,ALL OTHER OCCUPATIONS,8,ALL OTHER POSITIONS,15,CAREER-CONDITIONAL (COMPETITIVE SERVICE PERMANENT),P,PART-TIME,1,48,TX,TEXAS,US,UNITED STATES,39576,05
